{"format":"Transformational debugger info","version":1,
"info":{"name":"Motion.y2021.Ex2P7","description":""},
"variables":{
"vx":{"comment":"","kind":"state","type":"Real","unit":"","displayUnit":"","source":{"info":{"file":"C:/Users/firstpc/y2021/Motion.mo","lineStart":131,"lineEnd":131,"colStart":5,"colEnd":53}}},
"x":{"comment":"","kind":"state","type":"Real","unit":"","displayUnit":"","source":{"info":{"file":"C:/Users/firstpc/y2021/Motion.mo","lineStart":129,"lineEnd":129,"colStart":1,"colEnd":7}}},
"y":{"comment":"","kind":"state","type":"Real","unit":"","displayUnit":"","source":{"info":{"file":"C:/Users/firstpc/y2021/Motion.mo","lineStart":130,"lineEnd":130,"colStart":5,"colEnd":11}}},
"der(vx)":{"comment":"","kind":"derivative","type":"Real","unit":"","displayUnit":"","source":{"info":{"file":"C:/Users/firstpc/y2021/Motion.mo","lineStart":131,"lineEnd":131,"colStart":5,"colEnd":53}}},
"der(x)":{"comment":"","kind":"derivative","type":"Real","unit":"","displayUnit":"","source":{"info":{"file":"C:/Users/firstpc/y2021/Motion.mo","lineStart":129,"lineEnd":129,"colStart":1,"colEnd":7}}},
"der(y)":{"comment":"","kind":"derivative","type":"Real","unit":"","displayUnit":"","source":{"info":{"file":"C:/Users/firstpc/y2021/Motion.mo","lineStart":130,"lineEnd":130,"colStart":5,"colEnd":11}}},
"$cse1":{"comment":"","kind":"variable","type":"Real","unit":"","displayUnit":"","source":{"info":{"file":"","lineStart":0,"lineEnd":0,"colStart":0,"colEnd":0}}},
"v":{"comment":"","kind":"variable","type":"Real","unit":"","displayUnit":"","source":{"info":{"file":"C:/Users/firstpc/y2021/Motion.mo","lineStart":133,"lineEnd":133,"colStart":5,"colEnd":11}}},
"$whenCondition1":{"comment":"y < 0.0","kind":"discrete","type":"Boolean","unit":"","displayUnit":"","source":{"info":{"file":"C:/Users/firstpc/y2021/Motion.mo","lineStart":153,"lineEnd":153,"colStart":9,"colEnd":48}}},
"B2":{"comment":"","kind":"parameter","type":"Real","unit":"","displayUnit":"","source":{"info":{"file":"C:/Users/firstpc/y2021/Motion.mo","lineStart":138,"lineEnd":138,"colStart":5,"colEnd":30}}},
"a":{"comment":"","kind":"parameter","type":"Real","unit":"","displayUnit":"","source":{"info":{"file":"C:/Users/firstpc/y2021/Motion.mo","lineStart":141,"lineEnd":141,"colStart":5,"colEnd":30}}},
"alpha":{"comment":"","kind":"parameter","type":"Real","unit":"","displayUnit":"","source":{"info":{"file":"C:/Users/firstpc/y2021/Motion.mo","lineStart":140,"lineEnd":140,"colStart":5,"colEnd":30}}},
"m":{"comment":"","kind":"parameter","type":"Real","unit":"","displayUnit":"","source":{"info":{"file":"C:/Users/firstpc/y2021/Motion.mo","lineStart":137,"lineEnd":137,"colStart":5,"colEnd":26}}},
"thetaDeg0":{"comment":"","kind":"parameter","type":"Real","unit":"","displayUnit":"","source":{"info":{"file":"C:/Users/firstpc/y2021/Motion.mo","lineStart":136,"lineEnd":136,"colStart":5,"colEnd":35}}},
"v0":{"comment":"","kind":"parameter","type":"Real","unit":"","displayUnit":"","source":{"info":{"file":"C:/Users/firstpc/y2021/Motion.mo","lineStart":135,"lineEnd":135,"colStart":5,"colEnd":28}}},
"PI":{"comment":"","kind":"constant","type":"Real","unit":"","displayUnit":"","source":{"info":{"file":"C:/Users/firstpc/y2021/Motion.mo","lineStart":142,"lineEnd":142,"colStart":5,"colEnd":34}}},
"y0":{"comment":"","kind":"constant","type":"Real","unit":"","displayUnit":"","source":{"info":{"file":"C:/Users/firstpc/y2021/Motion.mo","lineStart":144,"lineEnd":144,"colStart":5,"colEnd":28}}}
},
"equations":[{"eqIndex":0,"tag":"dummy"},
{"eqIndex":1,"section":"initial","tag":"assign","defines":["x"],"uses":["$START.x"],"equation":["$START.x"],"source":{"info":{"file":"","lineStart":0,"lineEnd":0,"colStart":0,"colEnd":0}}},
{"eqIndex":2,"section":"initial","tag":"assign","defines":["vy"],"uses":["$START.vy"],"equation":["$START.vy"],"source":{"info":{"file":"","lineStart":0,"lineEnd":0,"colStart":0,"colEnd":0}}},
{"eqIndex":3,"section":"initial","tag":"assign","defines":["vx"],"uses":["$START.vx"],"equation":["$START.vx"],"source":{"info":{"file":"","lineStart":0,"lineEnd":0,"colStart":0,"colEnd":0}}},
{"eqIndex":4,"section":"initial","tag":"assign","defines":["y"],"uses":["$START.y"],"equation":["$START.y"],"source":{"info":{"file":"","lineStart":0,"lineEnd":0,"colStart":0,"colEnd":0}}},
{"eqIndex":5,"section":"initial","tag":"assign","defines":["rho"],"uses":["y"],"equation":["1.3 * exp((-0.0001) * y)"],"source":{"info":{"file":"C:/Users/firstpc/y2021/Motion.mo","lineStart":146,"lineEnd":146,"colStart":7,"colEnd":27}}},
{"eqIndex":6,"tag":"alias","equation":[16],"section":"initial"},
{"eqIndex":7,"tag":"alias","equation":[15],"section":"initial"},
{"eqIndex":8,"tag":"alias","equation":[14],"section":"initial"},
{"eqIndex":9,"tag":"alias","equation":[19],"section":"initial"},
{"eqIndex":10,"tag":"alias","equation":[18],"section":"initial"},
{"eqIndex":11,"tag":"alias","equation":[13],"section":"initial"},
{"eqIndex":12,"section":"regular","tag":"assign","defines":["$cse1"],"uses":["y"],"equation":["exp((-0.0001) * y)"],"source":{"info":{"file":"","lineStart":0,"lineEnd":0,"colStart":0,"colEnd":0}}},
{"eqIndex":13,"section":"regular","tag":"assign","defines":["$whenCondition1"],"uses":["y"],"equation":["y < 0.0"],"source":{"info":{"file":"C:/Users/firstpc/y2021/Motion.mo","lineStart":153,"lineEnd":153,"colStart":9,"colEnd":48}}},
{"eqIndex":14,"section":"regular","tag":"assign","defines":["v"],"uses":["vy","vx"],"equation":["sqrt(vx ^ 2.0 + vy ^ 2.0)"],"source":{"info":{"file":"C:/Users/firstpc/y2021/Motion.mo","lineStart":151,"lineEnd":151,"colStart":7,"colEnd":32}}},
{"eqIndex":15,"section":"regular","tag":"assign","defines":["der(y)"],"uses":["vy"],"equation":["vy"],"source":{"info":{"file":"C:/Users/firstpc/y2021/Motion.mo","lineStart":148,"lineEnd":148,"colStart":7,"colEnd":18}}},
{"eqIndex":16,"section":"regular","tag":"assign","defines":["der(x)"],"uses":["vx"],"equation":["vx"],"source":{"info":{"file":"C:/Users/firstpc/y2021/Motion.mo","lineStart":147,"lineEnd":147,"colStart":7,"colEnd":18}}},
{"eqIndex":17,"section":"regular","tag":"assign","defines":["rho"],"uses":["$cse1"],"equation":["1.3 * $cse1"],"source":{"info":{"file":"C:/Users/firstpc/y2021/Motion.mo","lineStart":146,"lineEnd":146,"colStart":7,"colEnd":27}}},
{"eqIndex":18,"section":"regular","tag":"assign","defines":["der(vx)"],"uses":["m","vx","v","rho","B2"],"equation":["(-B2) * rho * v * vx / m"],"source":{"info":{"file":"C:/Users/firstpc/y2021/Motion.mo","lineStart":149,"lineEnd":149,"colStart":7,"colEnd":39}}},
{"eqIndex":19,"section":"regular","tag":"assign","defines":["der(vy)"],"uses":["m","vy","v","rho","B2"],"equation":["(-9.810000000000001 - B2 * rho * v * vy) / m"],"source":{"info":{"file":"C:/Users/firstpc/y2021/Motion.mo","lineStart":150,"lineEnd":150,"colStart":7,"colEnd":49}}},
{"eqIndex":20,"section":"regular","tag":"when","uses":["$whenCondition1"],"equation":["\"object touches the ground.\""],"source":{"info":{"file":"C:/Users/firstpc/y2021/Motion.mo","lineStart":153,"lineEnd":153,"colStart":9,"colEnd":48}}},
{"eqIndex":21,"section":"start","tag":"assign","defines":["$START.vy"],"uses":["thetaDeg0","v0"],"equation":["v0 * sin(0.0174532925 * thetaDeg0)"],"source":{"info":{"file":"C:/Users/firstpc/y2021/Motion.mo","lineStart":132,"lineEnd":132,"colStart":5,"colEnd":53}}},
{"eqIndex":22,"section":"start","tag":"assign","defines":["$START.vx"],"uses":["thetaDeg0","v0"],"equation":["v0 * cos(0.0174532925 * thetaDeg0)"],"source":{"info":{"file":"C:/Users/firstpc/y2021/Motion.mo","lineStart":131,"lineEnd":131,"colStart":5,"colEnd":53}}}
],
"functions":[
]
}