{"format":"Transformational debugger info","version":1,
"info":{"name":"Motion.y2021.week305","description":""},
"variables":{
"v":{"comment":"","kind":"state","type":"Real","unit":"","displayUnit":"","source":{"info":{"file":"C:/Users/firstpc/y2021/Motion.mo","lineStart":45,"lineEnd":45,"colStart":1,"colEnd":19}}},
"der(v)":{"comment":"","kind":"derivative","type":"Real","unit":"","displayUnit":"","source":{"info":{"file":"C:/Users/firstpc/y2021/Motion.mo","lineStart":45,"lineEnd":45,"colStart":1,"colEnd":19}}},
"Power":{"comment":"","kind":"parameter","type":"Real","unit":"","displayUnit":"","source":{"info":{"file":"C:/Users/firstpc/y2021/Motion.mo","lineStart":47,"lineEnd":47,"colStart":7,"colEnd":34}}},
"v0":{"comment":"","kind":"parameter","type":"Real","unit":"","displayUnit":"","source":{"info":{"file":"C:/Users/firstpc/y2021/Motion.mo","lineStart":48,"lineEnd":48,"colStart":7,"colEnd":30}}}
},
"equations":[{"eqIndex":0,"tag":"dummy"},
{"eqIndex":1,"section":"initial","tag":"assign","defines":["v"],"uses":["$START.v"],"equation":["$START.v"],"source":{"info":{"file":"","lineStart":0,"lineEnd":0,"colStart":0,"colEnd":0}}},
{"eqIndex":2,"tag":"alias","equation":[3],"section":"initial"},
{"eqIndex":3,"section":"regular","tag":"assign","defines":["der(v)"],"uses":["m","v","Power"],"equation":["Power / (v * m)"],"source":{"info":{"file":"C:/Users/firstpc/y2021/Motion.mo","lineStart":50,"lineEnd":50,"colStart":7,"colEnd":29}}},
{"eqIndex":4,"section":"start","tag":"assign","defines":["$START.v"],"uses":["v0"],"equation":["v0"],"source":{"info":{"file":"C:/Users/firstpc/y2021/Motion.mo","lineStart":45,"lineEnd":45,"colStart":1,"colEnd":19}}}
],
"functions":[
]
}