{"format":"Transformational debugger info","version":1,
"info":{"name":"Motion.y2021.week406","description":""},
"variables":{
"theta":{"comment":"","kind":"state","type":"Real","unit":"","displayUnit":"","source":{"info":{"file":"C:/Users/firstpc/y2021/Motion.mo","lineStart":203,"lineEnd":203,"colStart":5,"colEnd":31}}},
"der(theta)":{"comment":"","kind":"derivative","type":"Real","unit":"","displayUnit":"","source":{"info":{"file":"C:/Users/firstpc/y2021/Motion.mo","lineStart":203,"lineEnd":203,"colStart":5,"colEnd":31}}},
"theta0":{"comment":"","kind":"parameter","type":"Real","unit":"","displayUnit":"","source":{"info":{"file":"C:/Users/firstpc/y2021/Motion.mo","lineStart":204,"lineEnd":204,"colStart":5,"colEnd":32}}}
},
"equations":[{"eqIndex":0,"tag":"dummy"},
{"eqIndex":1,"section":"initial","tag":"assign","defines":["theta"],"uses":["$START.theta"],"equation":["$START.theta"],"source":{"info":{"file":"","lineStart":0,"lineEnd":0,"colStart":0,"colEnd":0}}},
{"eqIndex":2,"tag":"alias","equation":[3],"section":"initial"},
{"eqIndex":3,"section":"regular","tag":"assign","defines":["der(theta)"],"uses":[],"equation":["0.9936411011327626"],"source":{"info":{"file":"C:/Users/firstpc/y2021/Motion.mo","lineStart":206,"lineEnd":206,"colStart":5,"colEnd":34}}},
{"eqIndex":4,"section":"start","tag":"assign","defines":["$START.theta"],"uses":["theta0"],"equation":["theta0"],"source":{"info":{"file":"C:/Users/firstpc/y2021/Motion.mo","lineStart":203,"lineEnd":203,"colStart":5,"colEnd":31}}}
],
"functions":[
]
}