{"format":"Transformational debugger info","version":1,
"info":{"name":"Motion.y2021.ForcedSHM","description":""},
"variables":{
"omega":{"comment":"","kind":"state","type":"Real","unit":"","displayUnit":"","source":{"info":{"file":"C:/Users/firstpc/y2021/Motion.mo","lineStart":222,"lineEnd":222,"colStart":5,"colEnd":15}}},
"der(omega)":{"comment":"","kind":"derivative","type":"Real","unit":"","displayUnit":"","source":{"info":{"file":"C:/Users/firstpc/y2021/Motion.mo","lineStart":222,"lineEnd":222,"colStart":5,"colEnd":15}}},
"der(der(omega))":{"comment":"","kind":"dummy derivative","type":"Real","unit":"","displayUnit":"","source":{"info":{"file":"C:/Users/firstpc/y2021/Motion.mo","lineStart":222,"lineEnd":222,"colStart":5,"colEnd":15}}},
"der(theta2)":{"comment":"","kind":"dummy derivative","type":"Real","unit":"","displayUnit":"","source":{"info":{"file":"C:/Users/firstpc/y2021/Motion.mo","lineStart":217,"lineEnd":217,"colStart":5,"colEnd":32}}},
"der(theta3)":{"comment":"","kind":"dummy derivative","type":"Real","unit":"","displayUnit":"","source":{"info":{"file":"C:/Users/firstpc/y2021/Motion.mo","lineStart":218,"lineEnd":218,"colStart":5,"colEnd":32}}},
"der(theta4)":{"comment":"","kind":"dummy derivative","type":"Real","unit":"","displayUnit":"","source":{"info":{"file":"C:/Users/firstpc/y2021/Motion.mo","lineStart":219,"lineEnd":219,"colStart":5,"colEnd":32}}},
"der(theta5)":{"comment":"","kind":"dummy derivative","type":"Real","unit":"","displayUnit":"","source":{"info":{"file":"C:/Users/firstpc/y2021/Motion.mo","lineStart":220,"lineEnd":220,"colStart":5,"colEnd":32}}},
"der(theta6)":{"comment":"","kind":"dummy derivative","type":"Real","unit":"","displayUnit":"","source":{"info":{"file":"C:/Users/firstpc/y2021/Motion.mo","lineStart":221,"lineEnd":221,"colStart":5,"colEnd":32}}},
"$cse1":{"comment":"","kind":"variable","type":"Real","unit":"","displayUnit":"","source":{"info":{"file":"","lineStart":0,"lineEnd":0,"colStart":0,"colEnd":0}}},
"$cse10":{"comment":"","kind":"variable","type":"Real","unit":"","displayUnit":"","source":{"info":{"file":"","lineStart":0,"lineEnd":0,"colStart":0,"colEnd":0}}},
"$cse11":{"comment":"","kind":"variable","type":"Real","unit":"","displayUnit":"","source":{"info":{"file":"","lineStart":0,"lineEnd":0,"colStart":0,"colEnd":0}}},
"$cse12":{"comment":"","kind":"variable","type":"Real","unit":"","displayUnit":"","source":{"info":{"file":"","lineStart":0,"lineEnd":0,"colStart":0,"colEnd":0}}},
"$cse13":{"comment":"","kind":"variable","type":"Real","unit":"","displayUnit":"","source":{"info":{"file":"","lineStart":0,"lineEnd":0,"colStart":0,"colEnd":0}}},
"$cse14":{"comment":"","kind":"variable","type":"Real","unit":"","displayUnit":"","source":{"info":{"file":"","lineStart":0,"lineEnd":0,"colStart":0,"colEnd":0}}},
"$cse2":{"comment":"","kind":"variable","type":"Real","unit":"","displayUnit":"","source":{"info":{"file":"","lineStart":0,"lineEnd":0,"colStart":0,"colEnd":0}}},
"$cse3":{"comment":"","kind":"variable","type":"Real","unit":"","displayUnit":"","source":{"info":{"file":"","lineStart":0,"lineEnd":0,"colStart":0,"colEnd":0}}},
"$cse4":{"comment":"","kind":"variable","type":"Real","unit":"","displayUnit":"","source":{"info":{"file":"","lineStart":0,"lineEnd":0,"colStart":0,"colEnd":0}}},
"$cse5":{"comment":"","kind":"variable","type":"Real","unit":"","displayUnit":"","source":{"info":{"file":"","lineStart":0,"lineEnd":0,"colStart":0,"colEnd":0}}},
"$cse6":{"comment":"","kind":"variable","type":"Real","unit":"","displayUnit":"","source":{"info":{"file":"","lineStart":0,"lineEnd":0,"colStart":0,"colEnd":0}}},
"$cse7":{"comment":"","kind":"variable","type":"Real","unit":"","displayUnit":"","source":{"info":{"file":"","lineStart":0,"lineEnd":0,"colStart":0,"colEnd":0}}},
"$cse8":{"comment":"","kind":"variable","type":"Real","unit":"","displayUnit":"","source":{"info":{"file":"","lineStart":0,"lineEnd":0,"colStart":0,"colEnd":0}}},
"$cse9":{"comment":"","kind":"variable","type":"Real","unit":"","displayUnit":"","source":{"info":{"file":"","lineStart":0,"lineEnd":0,"colStart":0,"colEnd":0}}},
"omega1":{"comment":"","kind":"variable","type":"Real","unit":"","displayUnit":"","source":{"info":{"file":"C:/Users/firstpc/y2021/Motion.mo","lineStart":223,"lineEnd":223,"colStart":5,"colEnd":16}}},
"omega2":{"comment":"","kind":"variable","type":"Real","unit":"","displayUnit":"","source":{"info":{"file":"C:/Users/firstpc/y2021/Motion.mo","lineStart":224,"lineEnd":224,"colStart":5,"colEnd":16}}},
"omega3":{"comment":"","kind":"variable","type":"Real","unit":"","displayUnit":"","source":{"info":{"file":"C:/Users/firstpc/y2021/Motion.mo","lineStart":225,"lineEnd":225,"colStart":5,"colEnd":16}}},
"omega4":{"comment":"","kind":"variable","type":"Real","unit":"","displayUnit":"","source":{"info":{"file":"C:/Users/firstpc/y2021/Motion.mo","lineStart":226,"lineEnd":226,"colStart":5,"colEnd":16}}},
"omega5":{"comment":"","kind":"variable","type":"Real","unit":"","displayUnit":"","source":{"info":{"file":"C:/Users/firstpc/y2021/Motion.mo","lineStart":227,"lineEnd":227,"colStart":5,"colEnd":16}}},
"omega6":{"comment":"","kind":"variable","type":"Real","unit":"","displayUnit":"","source":{"info":{"file":"C:/Users/firstpc/y2021/Motion.mo","lineStart":228,"lineEnd":228,"colStart":5,"colEnd":16}}},
"theta1":{"comment":"","kind":"dummy state","type":"Real","unit":"","displayUnit":"","source":{"info":{"file":"C:/Users/firstpc/y2021/Motion.mo","lineStart":216,"lineEnd":216,"colStart":5,"colEnd":32}}},
"theta2":{"comment":"","kind":"dummy state","type":"Real","unit":"","displayUnit":"","source":{"info":{"file":"C:/Users/firstpc/y2021/Motion.mo","lineStart":217,"lineEnd":217,"colStart":5,"colEnd":32}}},
"theta3":{"comment":"","kind":"dummy state","type":"Real","unit":"","displayUnit":"","source":{"info":{"file":"C:/Users/firstpc/y2021/Motion.mo","lineStart":218,"lineEnd":218,"colStart":5,"colEnd":32}}},
"theta4":{"comment":"","kind":"dummy state","type":"Real","unit":"","displayUnit":"","source":{"info":{"file":"C:/Users/firstpc/y2021/Motion.mo","lineStart":219,"lineEnd":219,"colStart":5,"colEnd":32}}},
"theta5":{"comment":"","kind":"dummy state","type":"Real","unit":"","displayUnit":"","source":{"info":{"file":"C:/Users/firstpc/y2021/Motion.mo","lineStart":220,"lineEnd":220,"colStart":5,"colEnd":32}}},
"theta6":{"comment":"","kind":"dummy state","type":"Real","unit":"","displayUnit":"","source":{"info":{"file":"C:/Users/firstpc/y2021/Motion.mo","lineStart":221,"lineEnd":221,"colStart":5,"colEnd":32}}},
"Fd":{"comment":"","kind":"parameter","type":"Real","unit":"","displayUnit":"","source":{"info":{"file":"C:/Users/firstpc/y2021/Motion.mo","lineStart":239,"lineEnd":239,"colStart":5,"colEnd":27}}},
"OmegaD1":{"comment":"","kind":"parameter","type":"Real","unit":"","displayUnit":"","source":{"info":{"file":"C:/Users/firstpc/y2021/Motion.mo","lineStart":233,"lineEnd":233,"colStart":5,"colEnd":32}}},
"OmegaD2":{"comment":"","kind":"parameter","type":"Real","unit":"","displayUnit":"","source":{"info":{"file":"C:/Users/firstpc/y2021/Motion.mo","lineStart":234,"lineEnd":234,"colStart":5,"colEnd":32}}},
"OmegaD3":{"comment":"","kind":"parameter","type":"Real","unit":"","displayUnit":"","source":{"info":{"file":"C:/Users/firstpc/y2021/Motion.mo","lineStart":235,"lineEnd":235,"colStart":5,"colEnd":32}}},
"OmegaD4":{"comment":"","kind":"parameter","type":"Real","unit":"","displayUnit":"","source":{"info":{"file":"C:/Users/firstpc/y2021/Motion.mo","lineStart":236,"lineEnd":236,"colStart":5,"colEnd":32}}},
"OmegaD5":{"comment":"","kind":"parameter","type":"Real","unit":"","displayUnit":"","source":{"info":{"file":"C:/Users/firstpc/y2021/Motion.mo","lineStart":237,"lineEnd":237,"colStart":5,"colEnd":32}}},
"OmegaD6":{"comment":"","kind":"parameter","type":"Real","unit":"","displayUnit":"","source":{"info":{"file":"C:/Users/firstpc/y2021/Motion.mo","lineStart":238,"lineEnd":238,"colStart":5,"colEnd":32}}},
"g":{"comment":"","kind":"parameter","type":"Real","unit":"","displayUnit":"","source":{"info":{"file":"C:/Users/firstpc/y2021/Motion.mo","lineStart":240,"lineEnd":240,"colStart":5,"colEnd":27}}},
"l":{"comment":"","kind":"parameter","type":"Real","unit":"","displayUnit":"","source":{"info":{"file":"C:/Users/firstpc/y2021/Motion.mo","lineStart":229,"lineEnd":229,"colStart":5,"colEnd":27}}},
"q":{"comment":"","kind":"parameter","type":"Real","unit":"","displayUnit":"","source":{"info":{"file":"C:/Users/firstpc/y2021/Motion.mo","lineStart":231,"lineEnd":231,"colStart":5,"colEnd":27}}},
"theta0":{"comment":"","kind":"parameter","type":"Real","unit":"","displayUnit":"","source":{"info":{"file":"C:/Users/firstpc/y2021/Motion.mo","lineStart":230,"lineEnd":230,"colStart":5,"colEnd":31}}}
},
"equations":[{"eqIndex":0,"tag":"dummy"},
{"eqIndex":1,"section":"initial","tag":"assign","defines":["omega"],"uses":["$START.omega"],"equation":["$START.omega"],"source":{"info":{"file":"","lineStart":0,"lineEnd":0,"colStart":0,"colEnd":0}}},
{"eqIndex":2,"section":"initial","tag":"assign","defines":["theta"],"uses":["$START.theta"],"equation":["$START.theta"],"source":{"info":{"file":"","lineStart":0,"lineEnd":0,"colStart":0,"colEnd":0}}},
{"eqIndex":3,"tag":"alias","equation":[24],"section":"initial"},
{"eqIndex":4,"section":"initial","tag":"assign","defines":["der(omega)"],"uses":["l","theta","g","omega","q","time","OmegaD","Fd"],"equation":["Fd * sin(OmegaD * time) - q * omega - g * theta / l"],"source":{"info":{"file":"C:/Users/firstpc/y2021/Motion.mo","lineStart":243,"lineEnd":243,"colStart":5,"colEnd":58}}},
{"eqIndex":5,"section":"initial","tag":"assign","defines":["theta1"],"uses":["g","l","der(omega)","omega","q","time","OmegaD1","Fd"],"equation":["(Fd * sin(OmegaD1 * time) - q * omega - $DER.omega) * l / g"],"source":{"info":{"file":"C:/Users/firstpc/y2021/Motion.mo","lineStart":246,"lineEnd":246,"colStart":5,"colEnd":60}}},
{"eqIndex":6,"section":"initial","tag":"assign","defines":["theta2"],"uses":["g","l","der(omega)","omega","q","time","OmegaD2","Fd"],"equation":["(Fd * sin(OmegaD2 * time) - q * omega - $DER.omega) * l / g"],"source":{"info":{"file":"C:/Users/firstpc/y2021/Motion.mo","lineStart":249,"lineEnd":249,"colStart":5,"colEnd":60}}},
{"eqIndex":7,"section":"initial","tag":"assign","defines":["theta3"],"uses":["g","l","der(omega)","omega","q","time","OmegaD3","Fd"],"equation":["(Fd * sin(OmegaD3 * time) - q * omega - $DER.omega) * l / g"],"source":{"info":{"file":"C:/Users/firstpc/y2021/Motion.mo","lineStart":252,"lineEnd":252,"colStart":5,"colEnd":60}}},
{"eqIndex":8,"section":"initial","tag":"assign","defines":["theta4"],"uses":["g","l","der(omega)","omega","q","time","OmegaD4","Fd"],"equation":["(Fd * sin(OmegaD4 * time) - q * omega - $DER.omega) * l / g"],"source":{"info":{"file":"C:/Users/firstpc/y2021/Motion.mo","lineStart":255,"lineEnd":255,"colStart":5,"colEnd":60}}},
{"eqIndex":9,"section":"initial","tag":"assign","defines":["theta5"],"uses":["g","l","der(omega)","omega","q","time","OmegaD5","Fd"],"equation":["(Fd * sin(OmegaD5 * time) - q * omega - $DER.omega) * l / g"],"source":{"info":{"file":"C:/Users/firstpc/y2021/Motion.mo","lineStart":258,"lineEnd":258,"colStart":5,"colEnd":60}}},
{"eqIndex":10,"section":"initial","tag":"assign","defines":["theta6"],"uses":["g","l","der(omega)","omega","q","time","OmegaD6","Fd"],"equation":["(Fd * sin(OmegaD6 * time) - q * omega - $DER.omega) * l / g"],"source":{"info":{"file":"C:/Users/firstpc/y2021/Motion.mo","lineStart":261,"lineEnd":261,"colStart":5,"colEnd":60}}},
{"eqIndex":11,"section":"initial","tag":"assign","defines":["der(der(omega))"],"uses":["l","omega","g","der(omega)","q","time","OmegaD","Fd"],"equation":["Fd * cos(OmegaD * time) * OmegaD + (-q) * $DER.omega - g * omega / l"],"source":{"info":{"file":"C:/Users/firstpc/y2021/Motion.mo","lineStart":243,"lineEnd":243,"colStart":5,"colEnd":58}}},
{"eqIndex":12,"section":"initial","tag":"assign","defines":["omega6"],"uses":["g","l","der(der(omega))","der(omega)","q","time","OmegaD6","Fd"],"equation":["(Fd * cos(OmegaD6 * time) * OmegaD6 - q * $DER.omega - $DER.$DER.omega) * l / g"],"source":{"info":{"file":"C:/Users/firstpc/y2021/Motion.mo","lineStart":261,"lineEnd":261,"colStart":5,"colEnd":60}}},
{"eqIndex":13,"tag":"alias","equation":[58],"section":"initial"},
{"eqIndex":14,"section":"initial","tag":"assign","defines":["omega5"],"uses":["g","l","der(der(omega))","der(omega)","q","time","OmegaD5","Fd"],"equation":["(Fd * cos(OmegaD5 * time) * OmegaD5 - q * $DER.omega - $DER.$DER.omega) * l / g"],"source":{"info":{"file":"C:/Users/firstpc/y2021/Motion.mo","lineStart":258,"lineEnd":258,"colStart":5,"colEnd":60}}},
{"eqIndex":15,"tag":"alias","equation":[56],"section":"initial"},
{"eqIndex":16,"section":"initial","tag":"assign","defines":["omega4"],"uses":["g","l","der(der(omega))","der(omega)","q","time","OmegaD4","Fd"],"equation":["(Fd * cos(OmegaD4 * time) * OmegaD4 - q * $DER.omega - $DER.$DER.omega) * l / g"],"source":{"info":{"file":"C:/Users/firstpc/y2021/Motion.mo","lineStart":255,"lineEnd":255,"colStart":5,"colEnd":60}}},
{"eqIndex":17,"tag":"alias","equation":[54],"section":"initial"},
{"eqIndex":18,"section":"initial","tag":"assign","defines":["omega3"],"uses":["g","l","der(der(omega))","der(omega)","q","time","OmegaD3","Fd"],"equation":["(Fd * cos(OmegaD3 * time) * OmegaD3 - q * $DER.omega - $DER.$DER.omega) * l / g"],"source":{"info":{"file":"C:/Users/firstpc/y2021/Motion.mo","lineStart":252,"lineEnd":252,"colStart":5,"colEnd":60}}},
{"eqIndex":19,"tag":"alias","equation":[52],"section":"initial"},
{"eqIndex":20,"section":"initial","tag":"assign","defines":["omega2"],"uses":["g","l","der(der(omega))","der(omega)","q","time","OmegaD2","Fd"],"equation":["(Fd * cos(OmegaD2 * time) * OmegaD2 - q * $DER.omega - $DER.$DER.omega) * l / g"],"source":{"info":{"file":"C:/Users/firstpc/y2021/Motion.mo","lineStart":249,"lineEnd":249,"colStart":5,"colEnd":60}}},
{"eqIndex":21,"tag":"alias","equation":[50],"section":"initial"},
{"eqIndex":22,"section":"initial","tag":"assign","defines":["omega1"],"uses":["g","l","der(der(omega))","der(omega)","q","time","OmegaD1","Fd"],"equation":["(Fd * cos(OmegaD1 * time) * OmegaD1 - q * $DER.omega - $DER.$DER.omega) * l / g"],"source":{"info":{"file":"C:/Users/firstpc/y2021/Motion.mo","lineStart":246,"lineEnd":246,"colStart":5,"colEnd":60}}},
{"eqIndex":23,"tag":"alias","equation":[48],"section":"initial"},
{"eqIndex":24,"section":"regular","tag":"assign","defines":["der(theta)"],"uses":["omega"],"equation":["omega"],"source":{"info":{"file":"C:/Users/firstpc/y2021/Motion.mo","lineStart":242,"lineEnd":242,"colStart":1,"colEnd":19}}},
{"eqIndex":25,"section":"regular","tag":"assign","defines":["$cse14"],"uses":["time","OmegaD"],"equation":["sin(OmegaD * time)"],"source":{"info":{"file":"","lineStart":0,"lineEnd":0,"colStart":0,"colEnd":0}}},
{"eqIndex":26,"section":"regular","tag":"assign","defines":["der(omega)"],"uses":["l","theta","g","omega","q","$cse14","Fd"],"equation":["Fd * $cse14 - q * omega - g * theta / l"],"source":{"info":{"file":"C:/Users/firstpc/y2021/Motion.mo","lineStart":243,"lineEnd":243,"colStart":5,"colEnd":58}}},
{"eqIndex":27,"section":"regular","tag":"assign","defines":["$cse13"],"uses":["time","OmegaD1"],"equation":["sin(OmegaD1 * time)"],"source":{"info":{"file":"","lineStart":0,"lineEnd":0,"colStart":0,"colEnd":0}}},
{"eqIndex":28,"section":"regular","tag":"assign","defines":["theta1"],"uses":["g","l","omega","q","$cse13","Fd"],"equation":["(Fd * $cse13 - q * omega - der(omega)) * l / g"],"source":{"info":{"file":"C:/Users/firstpc/y2021/Motion.mo","lineStart":246,"lineEnd":246,"colStart":5,"colEnd":60}}},
{"eqIndex":29,"section":"regular","tag":"assign","defines":["$cse12"],"uses":["time","OmegaD2"],"equation":["sin(OmegaD2 * time)"],"source":{"info":{"file":"","lineStart":0,"lineEnd":0,"colStart":0,"colEnd":0}}},
{"eqIndex":30,"section":"regular","tag":"assign","defines":["theta2"],"uses":["g","l","omega","q","$cse12","Fd"],"equation":["(Fd * $cse12 - q * omega - der(omega)) * l / g"],"source":{"info":{"file":"C:/Users/firstpc/y2021/Motion.mo","lineStart":249,"lineEnd":249,"colStart":5,"colEnd":60}}},
{"eqIndex":31,"section":"regular","tag":"assign","defines":["$cse11"],"uses":["time","OmegaD3"],"equation":["sin(OmegaD3 * time)"],"source":{"info":{"file":"","lineStart":0,"lineEnd":0,"colStart":0,"colEnd":0}}},
{"eqIndex":32,"section":"regular","tag":"assign","defines":["theta3"],"uses":["g","l","omega","q","$cse11","Fd"],"equation":["(Fd * $cse11 - q * omega - der(omega)) * l / g"],"source":{"info":{"file":"C:/Users/firstpc/y2021/Motion.mo","lineStart":252,"lineEnd":252,"colStart":5,"colEnd":60}}},
{"eqIndex":33,"section":"regular","tag":"assign","defines":["$cse10"],"uses":["time","OmegaD4"],"equation":["sin(OmegaD4 * time)"],"source":{"info":{"file":"","lineStart":0,"lineEnd":0,"colStart":0,"colEnd":0}}},
{"eqIndex":34,"section":"regular","tag":"assign","defines":["theta4"],"uses":["g","l","omega","q","$cse10","Fd"],"equation":["(Fd * $cse10 - q * omega - der(omega)) * l / g"],"source":{"info":{"file":"C:/Users/firstpc/y2021/Motion.mo","lineStart":255,"lineEnd":255,"colStart":5,"colEnd":60}}},
{"eqIndex":35,"section":"regular","tag":"assign","defines":["$cse9"],"uses":["time","OmegaD5"],"equation":["sin(OmegaD5 * time)"],"source":{"info":{"file":"","lineStart":0,"lineEnd":0,"colStart":0,"colEnd":0}}},
{"eqIndex":36,"section":"regular","tag":"assign","defines":["theta5"],"uses":["g","l","omega","q","$cse9","Fd"],"equation":["(Fd * $cse9 - q * omega - der(omega)) * l / g"],"source":{"info":{"file":"C:/Users/firstpc/y2021/Motion.mo","lineStart":258,"lineEnd":258,"colStart":5,"colEnd":60}}},
{"eqIndex":37,"section":"regular","tag":"assign","defines":["$cse8"],"uses":["time","OmegaD6"],"equation":["sin(OmegaD6 * time)"],"source":{"info":{"file":"","lineStart":0,"lineEnd":0,"colStart":0,"colEnd":0}}},
{"eqIndex":38,"section":"regular","tag":"assign","defines":["theta6"],"uses":["g","l","omega","q","$cse8","Fd"],"equation":["(Fd * $cse8 - q * omega - der(omega)) * l / g"],"source":{"info":{"file":"C:/Users/firstpc/y2021/Motion.mo","lineStart":261,"lineEnd":261,"colStart":5,"colEnd":60}}},
{"eqIndex":39,"section":"regular","tag":"assign","defines":["$cse7"],"uses":["time","OmegaD6"],"equation":["cos(OmegaD6 * time)"],"source":{"info":{"file":"","lineStart":0,"lineEnd":0,"colStart":0,"colEnd":0}}},
{"eqIndex":40,"section":"regular","tag":"assign","defines":["$cse6"],"uses":["time","OmegaD5"],"equation":["cos(OmegaD5 * time)"],"source":{"info":{"file":"","lineStart":0,"lineEnd":0,"colStart":0,"colEnd":0}}},
{"eqIndex":41,"section":"regular","tag":"assign","defines":["$cse5"],"uses":["time","OmegaD4"],"equation":["cos(OmegaD4 * time)"],"source":{"info":{"file":"","lineStart":0,"lineEnd":0,"colStart":0,"colEnd":0}}},
{"eqIndex":42,"section":"regular","tag":"assign","defines":["$cse4"],"uses":["time","OmegaD3"],"equation":["cos(OmegaD3 * time)"],"source":{"info":{"file":"","lineStart":0,"lineEnd":0,"colStart":0,"colEnd":0}}},
{"eqIndex":43,"section":"regular","tag":"assign","defines":["$cse3"],"uses":["time","OmegaD2"],"equation":["cos(OmegaD2 * time)"],"source":{"info":{"file":"","lineStart":0,"lineEnd":0,"colStart":0,"colEnd":0}}},
{"eqIndex":44,"section":"regular","tag":"assign","defines":["$cse2"],"uses":["time","OmegaD1"],"equation":["cos(OmegaD1 * time)"],"source":{"info":{"file":"","lineStart":0,"lineEnd":0,"colStart":0,"colEnd":0}}},
{"eqIndex":45,"section":"regular","tag":"assign","defines":["$cse1"],"uses":["time","OmegaD"],"equation":["cos(OmegaD * time)"],"source":{"info":{"file":"","lineStart":0,"lineEnd":0,"colStart":0,"colEnd":0}}},
{"eqIndex":46,"section":"regular","tag":"assign","defines":["der(der(omega))"],"uses":["l","g","omega","q","OmegaD","$cse1","Fd"],"equation":["Fd * $cse1 * OmegaD + (-q) * der(omega) - g * omega / l"],"source":{"info":{"file":"C:/Users/firstpc/y2021/Motion.mo","lineStart":243,"lineEnd":243,"colStart":5,"colEnd":58}}},
{"eqIndex":47,"section":"regular","tag":"assign","defines":["omega1"],"uses":["g","l","der(der(omega))","omega","q","OmegaD1","$cse2","Fd"],"equation":["(Fd * $cse2 * OmegaD1 - q * der(omega) - $DER.$DER.omega) * l / g"],"source":{"info":{"file":"C:/Users/firstpc/y2021/Motion.mo","lineStart":246,"lineEnd":246,"colStart":5,"colEnd":60}}},
{"eqIndex":48,"section":"regular","tag":"assign","defines":["der(theta1)"],"uses":["omega1"],"equation":["omega1"],"source":{"info":{"file":"","lineStart":0,"lineEnd":0,"colStart":0,"colEnd":0}}},
{"eqIndex":49,"section":"regular","tag":"assign","defines":["omega2"],"uses":["g","l","der(der(omega))","omega","q","OmegaD2","$cse3","Fd"],"equation":["(Fd * $cse3 * OmegaD2 - q * der(omega) - $DER.$DER.omega) * l / g"],"source":{"info":{"file":"C:/Users/firstpc/y2021/Motion.mo","lineStart":249,"lineEnd":249,"colStart":5,"colEnd":60}}},
{"eqIndex":50,"section":"regular","tag":"assign","defines":["der(theta2)"],"uses":["omega2"],"equation":["omega2"],"source":{"info":{"file":"","lineStart":0,"lineEnd":0,"colStart":0,"colEnd":0}}},
{"eqIndex":51,"section":"regular","tag":"assign","defines":["omega3"],"uses":["g","l","der(der(omega))","omega","q","OmegaD3","$cse4","Fd"],"equation":["(Fd * $cse4 * OmegaD3 - q * der(omega) - $DER.$DER.omega) * l / g"],"source":{"info":{"file":"C:/Users/firstpc/y2021/Motion.mo","lineStart":252,"lineEnd":252,"colStart":5,"colEnd":60}}},
{"eqIndex":52,"section":"regular","tag":"assign","defines":["der(theta3)"],"uses":["omega3"],"equation":["omega3"],"source":{"info":{"file":"","lineStart":0,"lineEnd":0,"colStart":0,"colEnd":0}}},
{"eqIndex":53,"section":"regular","tag":"assign","defines":["omega4"],"uses":["g","l","der(der(omega))","omega","q","OmegaD4","$cse5","Fd"],"equation":["(Fd * $cse5 * OmegaD4 - q * der(omega) - $DER.$DER.omega) * l / g"],"source":{"info":{"file":"C:/Users/firstpc/y2021/Motion.mo","lineStart":255,"lineEnd":255,"colStart":5,"colEnd":60}}},
{"eqIndex":54,"section":"regular","tag":"assign","defines":["der(theta4)"],"uses":["omega4"],"equation":["omega4"],"source":{"info":{"file":"","lineStart":0,"lineEnd":0,"colStart":0,"colEnd":0}}},
{"eqIndex":55,"section":"regular","tag":"assign","defines":["omega5"],"uses":["g","l","der(der(omega))","omega","q","OmegaD5","$cse6","Fd"],"equation":["(Fd * $cse6 * OmegaD5 - q * der(omega) - $DER.$DER.omega) * l / g"],"source":{"info":{"file":"C:/Users/firstpc/y2021/Motion.mo","lineStart":258,"lineEnd":258,"colStart":5,"colEnd":60}}},
{"eqIndex":56,"section":"regular","tag":"assign","defines":["der(theta5)"],"uses":["omega5"],"equation":["omega5"],"source":{"info":{"file":"","lineStart":0,"lineEnd":0,"colStart":0,"colEnd":0}}},
{"eqIndex":57,"section":"regular","tag":"assign","defines":["omega6"],"uses":["g","l","der(der(omega))","omega","q","OmegaD6","$cse7","Fd"],"equation":["(Fd * $cse7 * OmegaD6 - q * der(omega) - $DER.$DER.omega) * l / g"],"source":{"info":{"file":"C:/Users/firstpc/y2021/Motion.mo","lineStart":261,"lineEnd":261,"colStart":5,"colEnd":60}}},
{"eqIndex":58,"section":"regular","tag":"assign","defines":["der(theta6)"],"uses":["omega6"],"equation":["omega6"],"source":{"info":{"file":"","lineStart":0,"lineEnd":0,"colStart":0,"colEnd":0}}},
{"eqIndex":59,"section":"start","tag":"assign","defines":["$START.theta6"],"uses":["theta0"],"equation":["theta0"],"source":{"info":{"file":"C:/Users/firstpc/y2021/Motion.mo","lineStart":221,"lineEnd":221,"colStart":5,"colEnd":32}}},
{"eqIndex":60,"section":"start","tag":"assign","defines":["$START.theta5"],"uses":["theta0"],"equation":["theta0"],"source":{"info":{"file":"C:/Users/firstpc/y2021/Motion.mo","lineStart":220,"lineEnd":220,"colStart":5,"colEnd":32}}},
{"eqIndex":61,"section":"start","tag":"assign","defines":["$START.theta4"],"uses":["theta0"],"equation":["theta0"],"source":{"info":{"file":"C:/Users/firstpc/y2021/Motion.mo","lineStart":219,"lineEnd":219,"colStart":5,"colEnd":32}}},
{"eqIndex":62,"section":"start","tag":"assign","defines":["$START.theta3"],"uses":["theta0"],"equation":["theta0"],"source":{"info":{"file":"C:/Users/firstpc/y2021/Motion.mo","lineStart":218,"lineEnd":218,"colStart":5,"colEnd":32}}},
{"eqIndex":63,"section":"start","tag":"assign","defines":["$START.theta2"],"uses":["theta0"],"equation":["theta0"],"source":{"info":{"file":"C:/Users/firstpc/y2021/Motion.mo","lineStart":217,"lineEnd":217,"colStart":5,"colEnd":32}}},
{"eqIndex":64,"section":"start","tag":"assign","defines":["$START.theta1"],"uses":["theta0"],"equation":["theta0"],"source":{"info":{"file":"C:/Users/firstpc/y2021/Motion.mo","lineStart":216,"lineEnd":216,"colStart":5,"colEnd":32}}},
{"eqIndex":65,"section":"start","tag":"assign","defines":["$START.theta"],"uses":["theta0"],"equation":["theta0"],"source":{"info":{"file":"C:/Users/firstpc/y2021/Motion.mo","lineStart":215,"lineEnd":215,"colStart":5,"colEnd":31}}}
],
"functions":[
]
}