{"format":"Transformational debugger info","version":1,
"info":{"name":"Motion.y2021.week306","description":""},
"variables":{
"v":{"comment":"","kind":"state","type":"Real","unit":"","displayUnit":"","source":{"info":{"file":"C:/Users/firstpc/y2021/Motion.mo","lineStart":54,"lineEnd":54,"colStart":1,"colEnd":19}}},
"der(v)":{"comment":"","kind":"derivative","type":"Real","unit":"","displayUnit":"","source":{"info":{"file":"C:/Users/firstpc/y2021/Motion.mo","lineStart":54,"lineEnd":54,"colStart":1,"colEnd":19}}},
"A":{"comment":"","kind":"parameter","type":"Real","unit":"","displayUnit":"","source":{"info":{"file":"C:/Users/firstpc/y2021/Motion.mo","lineStart":58,"lineEnd":58,"colStart":7,"colEnd":29}}},
"m":{"comment":"","kind":"parameter","type":"Real","unit":"","displayUnit":"","source":{"info":{"file":"C:/Users/firstpc/y2021/Motion.mo","lineStart":57,"lineEnd":57,"colStart":7,"colEnd":28}}},
"p":{"comment":"","kind":"parameter","type":"Real","unit":"","displayUnit":"","source":{"info":{"file":"C:/Users/firstpc/y2021/Motion.mo","lineStart":56,"lineEnd":56,"colStart":7,"colEnd":28}}},
"v0":{"comment":"","kind":"parameter","type":"Real","unit":"","displayUnit":"","source":{"info":{"file":"C:/Users/firstpc/y2021/Motion.mo","lineStart":55,"lineEnd":55,"colStart":7,"colEnd":30}}},
"rho":{"comment":"","kind":"constant","type":"Real","unit":"","displayUnit":"","source":{"info":{"file":"C:/Users/firstpc/y2021/Motion.mo","lineStart":60,"lineEnd":60,"colStart":7,"colEnd":31}}}
},
"equations":[{"eqIndex":0,"tag":"dummy"},
{"eqIndex":1,"section":"initial","tag":"assign","defines":["v"],"uses":["$START.v"],"equation":["$START.v"],"source":{"info":{"file":"","lineStart":0,"lineEnd":0,"colStart":0,"colEnd":0}}},
{"eqIndex":2,"tag":"alias","equation":[3],"section":"initial"},
{"eqIndex":3,"section":"regular","tag":"assign","defines":["der(v)"],"uses":["A","C","m","v","p"],"equation":["p / (v * m) + (-0.6465) * C * A * v ^ 2.0 / m"],"source":{"info":{"file":"C:/Users/firstpc/y2021/Motion.mo","lineStart":62,"lineEnd":62,"colStart":5,"colEnd":38}}},
{"eqIndex":4,"section":"start","tag":"assign","defines":["$START.v"],"uses":["v0"],"equation":["v0"],"source":{"info":{"file":"C:/Users/firstpc/y2021/Motion.mo","lineStart":54,"lineEnd":54,"colStart":1,"colEnd":19}}}
],
"functions":[
]
}