{"format":"Transformational debugger info","version":1,
"info":{"name":"Motion.y2021.Ex3P316","description":""},
"variables":{
"omega":{"comment":"","kind":"state","type":"Real","unit":"","displayUnit":"","source":{"info":{"file":"C:/Users/firstpc/y2021/Motion.mo","lineStart":330,"lineEnd":330,"colStart":5,"colEnd":15}}},
"der(omega)":{"comment":"","kind":"derivative","type":"Real","unit":"","displayUnit":"","source":{"info":{"file":"C:/Users/firstpc/y2021/Motion.mo","lineStart":330,"lineEnd":330,"colStart":5,"colEnd":15}}},
"$cse1":{"comment":"","kind":"variable","type":"Real","unit":"","displayUnit":"","source":{"info":{"file":"","lineStart":0,"lineEnd":0,"colStart":0,"colEnd":0}}},
"Fd":{"comment":"","kind":"parameter","type":"Real","unit":"","displayUnit":"","source":{"info":{"file":"C:/Users/firstpc/y2021/Motion.mo","lineStart":335,"lineEnd":335,"colStart":5,"colEnd":27}}},
"g":{"comment":"","kind":"parameter","type":"Real","unit":"","displayUnit":"","source":{"info":{"file":"C:/Users/firstpc/y2021/Motion.mo","lineStart":336,"lineEnd":336,"colStart":5,"colEnd":27}}},
"l":{"comment":"","kind":"parameter","type":"Real","unit":"","displayUnit":"","source":{"info":{"file":"C:/Users/firstpc/y2021/Motion.mo","lineStart":331,"lineEnd":331,"colStart":5,"colEnd":27}}},
"q":{"comment":"","kind":"parameter","type":"Real","unit":"","displayUnit":"","source":{"info":{"file":"C:/Users/firstpc/y2021/Motion.mo","lineStart":333,"lineEnd":333,"colStart":5,"colEnd":27}}},
"theta0":{"comment":"","kind":"parameter","type":"Real","unit":"","displayUnit":"","source":{"info":{"file":"C:/Users/firstpc/y2021/Motion.mo","lineStart":332,"lineEnd":332,"colStart":5,"colEnd":31}}}
},
"equations":[{"eqIndex":0,"tag":"dummy"},
{"eqIndex":1,"section":"initial","tag":"assign","defines":["omega"],"uses":["$START.omega"],"equation":["$START.omega"],"source":{"info":{"file":"","lineStart":0,"lineEnd":0,"colStart":0,"colEnd":0}}},
{"eqIndex":2,"section":"initial","tag":"assign","defines":["theta"],"uses":["$START.theta"],"equation":["$START.theta"],"source":{"info":{"file":"","lineStart":0,"lineEnd":0,"colStart":0,"colEnd":0}}},
{"eqIndex":3,"tag":"alias","equation":[7],"section":"initial"},
{"eqIndex":4,"section":"initial","tag":"assign","defines":["der(omega)"],"uses":["l","theta","g","omega","q","time","OmegaD","Fd"],"equation":["Fd * sin(OmegaD * time) - q * omega - g * theta / l"],"source":{"info":{"file":"C:/Users/firstpc/y2021/Motion.mo","lineStart":339,"lineEnd":339,"colStart":5,"colEnd":58}}},
{"eqIndex":5,"section":"regular","tag":"assign","defines":["$cse1"],"uses":["time","OmegaD"],"equation":["sin(OmegaD * time)"],"source":{"info":{"file":"","lineStart":0,"lineEnd":0,"colStart":0,"colEnd":0}}},
{"eqIndex":6,"section":"regular","tag":"assign","defines":["der(omega)"],"uses":["l","theta","g","omega","q","$cse1","Fd"],"equation":["Fd * $cse1 - q * omega - g * theta / l"],"source":{"info":{"file":"C:/Users/firstpc/y2021/Motion.mo","lineStart":339,"lineEnd":339,"colStart":5,"colEnd":58}}},
{"eqIndex":7,"section":"regular","tag":"assign","defines":["der(theta)"],"uses":["omega"],"equation":["omega"],"source":{"info":{"file":"C:/Users/firstpc/y2021/Motion.mo","lineStart":338,"lineEnd":338,"colStart":5,"colEnd":23}}},
{"eqIndex":8,"section":"start","tag":"assign","defines":["$START.theta"],"uses":["theta0"],"equation":["theta0"],"source":{"info":{"file":"C:/Users/firstpc/y2021/Motion.mo","lineStart":329,"lineEnd":329,"colStart":1,"colEnd":27}}}
],
"functions":[
]
}