{"format":"Transformational debugger info","version":1,
"info":{"name":"Motion.y2021.Anharmonic","description":""},
"variables":{
"omega1":{"comment":"","kind":"state","type":"Real","unit":"","displayUnit":"","source":{"info":{"file":"C:/Users/firstpc/y2021/Motion.mo","lineStart":247,"lineEnd":247,"colStart":5,"colEnd":16}}},
"omega3":{"comment":"","kind":"state","type":"Real","unit":"","displayUnit":"","source":{"info":{"file":"C:/Users/firstpc/y2021/Motion.mo","lineStart":249,"lineEnd":249,"colStart":5,"colEnd":16}}},
"omega4":{"comment":"","kind":"state","type":"Real","unit":"","displayUnit":"","source":{"info":{"file":"C:/Users/firstpc/y2021/Motion.mo","lineStart":250,"lineEnd":250,"colStart":5,"colEnd":16}}},
"theta1":{"comment":"","kind":"state","type":"Real","unit":"","displayUnit":"","source":{"info":{"file":"C:/Users/firstpc/y2021/Motion.mo","lineStart":243,"lineEnd":243,"colStart":5,"colEnd":32}}},
"theta3":{"comment":"","kind":"state","type":"Real","unit":"","displayUnit":"","source":{"info":{"file":"C:/Users/firstpc/y2021/Motion.mo","lineStart":244,"lineEnd":244,"colStart":5,"colEnd":32}}},
"theta5":{"comment":"","kind":"state","type":"Real","unit":"","displayUnit":"","source":{"info":{"file":"C:/Users/firstpc/y2021/Motion.mo","lineStart":245,"lineEnd":245,"colStart":5,"colEnd":32}}},
"theta7":{"comment":"","kind":"state","type":"Real","unit":"","displayUnit":"","source":{"info":{"file":"C:/Users/firstpc/y2021/Motion.mo","lineStart":246,"lineEnd":246,"colStart":5,"colEnd":32}}},
"der(omega1)":{"comment":"","kind":"derivative","type":"Real","unit":"","displayUnit":"","source":{"info":{"file":"C:/Users/firstpc/y2021/Motion.mo","lineStart":247,"lineEnd":247,"colStart":5,"colEnd":16}}},
"der(omega3)":{"comment":"","kind":"derivative","type":"Real","unit":"","displayUnit":"","source":{"info":{"file":"C:/Users/firstpc/y2021/Motion.mo","lineStart":249,"lineEnd":249,"colStart":5,"colEnd":16}}},
"der(omega4)":{"comment":"","kind":"derivative","type":"Real","unit":"","displayUnit":"","source":{"info":{"file":"C:/Users/firstpc/y2021/Motion.mo","lineStart":250,"lineEnd":250,"colStart":5,"colEnd":16}}},
"der(theta1)":{"comment":"","kind":"derivative","type":"Real","unit":"","displayUnit":"","source":{"info":{"file":"C:/Users/firstpc/y2021/Motion.mo","lineStart":243,"lineEnd":243,"colStart":5,"colEnd":32}}},
"der(theta3)":{"comment":"","kind":"derivative","type":"Real","unit":"","displayUnit":"","source":{"info":{"file":"C:/Users/firstpc/y2021/Motion.mo","lineStart":244,"lineEnd":244,"colStart":5,"colEnd":32}}},
"der(theta5)":{"comment":"","kind":"derivative","type":"Real","unit":"","displayUnit":"","source":{"info":{"file":"C:/Users/firstpc/y2021/Motion.mo","lineStart":245,"lineEnd":245,"colStart":5,"colEnd":32}}},
"der(theta7)":{"comment":"","kind":"derivative","type":"Real","unit":"","displayUnit":"","source":{"info":{"file":"C:/Users/firstpc/y2021/Motion.mo","lineStart":246,"lineEnd":246,"colStart":5,"colEnd":32}}},
"a":{"comment":"","kind":"parameter","type":"Real","unit":"","displayUnit":"","source":{"info":{"file":"C:/Users/firstpc/y2021/Motion.mo","lineStart":255,"lineEnd":255,"colStart":5,"colEnd":23}}},
"theta2":{"comment":"","kind":"parameter","type":"Real","unit":"","displayUnit":"","source":{"info":{"file":"C:/Users/firstpc/y2021/Motion.mo","lineStart":251,"lineEnd":251,"colStart":5,"colEnd":29}}},
"theta4":{"comment":"","kind":"parameter","type":"Real","unit":"","displayUnit":"","source":{"info":{"file":"C:/Users/firstpc/y2021/Motion.mo","lineStart":252,"lineEnd":252,"colStart":5,"colEnd":29}}},
"theta6":{"comment":"","kind":"parameter","type":"Real","unit":"","displayUnit":"","source":{"info":{"file":"C:/Users/firstpc/y2021/Motion.mo","lineStart":253,"lineEnd":253,"colStart":5,"colEnd":29}}},
"theta8":{"comment":"","kind":"parameter","type":"Real","unit":"","displayUnit":"","source":{"info":{"file":"C:/Users/firstpc/y2021/Motion.mo","lineStart":254,"lineEnd":254,"colStart":5,"colEnd":29}}}
},
"equations":[{"eqIndex":0,"tag":"dummy"},
{"eqIndex":1,"section":"initial","tag":"assign","defines":["omega1"],"uses":["$START.omega1"],"equation":["$START.omega1"],"source":{"info":{"file":"","lineStart":0,"lineEnd":0,"colStart":0,"colEnd":0}}},
{"eqIndex":2,"tag":"alias","equation":[18],"section":"initial"},
{"eqIndex":3,"section":"initial","tag":"assign","defines":["theta1"],"uses":["$START.theta1"],"equation":["$START.theta1"],"source":{"info":{"file":"","lineStart":0,"lineEnd":0,"colStart":0,"colEnd":0}}},
{"eqIndex":4,"tag":"alias","equation":[17],"section":"initial"},
{"eqIndex":5,"section":"initial","tag":"assign","defines":["omega2"],"uses":["$START.omega2"],"equation":["$START.omega2"],"source":{"info":{"file":"","lineStart":0,"lineEnd":0,"colStart":0,"colEnd":0}}},
{"eqIndex":6,"tag":"alias","equation":[20],"section":"initial"},
{"eqIndex":7,"section":"initial","tag":"assign","defines":["theta3"],"uses":["$START.theta3"],"equation":["$START.theta3"],"source":{"info":{"file":"","lineStart":0,"lineEnd":0,"colStart":0,"colEnd":0}}},
{"eqIndex":8,"tag":"alias","equation":[19],"section":"initial"},
{"eqIndex":9,"section":"initial","tag":"assign","defines":["omega3"],"uses":["$START.omega3"],"equation":["$START.omega3"],"source":{"info":{"file":"","lineStart":0,"lineEnd":0,"colStart":0,"colEnd":0}}},
{"eqIndex":10,"tag":"alias","equation":[22],"section":"initial"},
{"eqIndex":11,"section":"initial","tag":"assign","defines":["theta5"],"uses":["$START.theta5"],"equation":["$START.theta5"],"source":{"info":{"file":"","lineStart":0,"lineEnd":0,"colStart":0,"colEnd":0}}},
{"eqIndex":12,"tag":"alias","equation":[21],"section":"initial"},
{"eqIndex":13,"section":"initial","tag":"assign","defines":["omega4"],"uses":["$START.omega4"],"equation":["$START.omega4"],"source":{"info":{"file":"","lineStart":0,"lineEnd":0,"colStart":0,"colEnd":0}}},
{"eqIndex":14,"tag":"alias","equation":[24],"section":"initial"},
{"eqIndex":15,"section":"initial","tag":"assign","defines":["theta7"],"uses":["$START.theta7"],"equation":["$START.theta7"],"source":{"info":{"file":"","lineStart":0,"lineEnd":0,"colStart":0,"colEnd":0}}},
{"eqIndex":16,"tag":"alias","equation":[23],"section":"initial"},
{"eqIndex":17,"section":"regular","tag":"assign","defines":["der(omega1)"],"uses":["a","theta1","k"],"equation":["(-k) * theta1 ^ a"],"source":{"info":{"file":"C:/Users/firstpc/y2021/Motion.mo","lineStart":259,"lineEnd":259,"colStart":5,"colEnd":30}}},
{"eqIndex":18,"section":"regular","tag":"assign","defines":["der(theta1)"],"uses":["omega1"],"equation":["omega1"],"source":{"info":{"file":"C:/Users/firstpc/y2021/Motion.mo","lineStart":258,"lineEnd":258,"colStart":5,"colEnd":25}}},
{"eqIndex":19,"section":"regular","tag":"assign","defines":["der(omega2)"],"uses":["a","theta3","k"],"equation":["(-k) * theta3 ^ a"],"source":{"info":{"file":"C:/Users/firstpc/y2021/Motion.mo","lineStart":262,"lineEnd":262,"colStart":5,"colEnd":30}}},
{"eqIndex":20,"section":"regular","tag":"assign","defines":["der(theta3)"],"uses":["omega2"],"equation":["omega2"],"source":{"info":{"file":"C:/Users/firstpc/y2021/Motion.mo","lineStart":261,"lineEnd":261,"colStart":5,"colEnd":25}}},
{"eqIndex":21,"section":"regular","tag":"assign","defines":["der(omega3)"],"uses":["a","theta5","k"],"equation":["(-k) * theta5 ^ a"],"source":{"info":{"file":"C:/Users/firstpc/y2021/Motion.mo","lineStart":265,"lineEnd":265,"colStart":5,"colEnd":30}}},
{"eqIndex":22,"section":"regular","tag":"assign","defines":["der(theta5)"],"uses":["omega3"],"equation":["omega3"],"source":{"info":{"file":"C:/Users/firstpc/y2021/Motion.mo","lineStart":264,"lineEnd":264,"colStart":5,"colEnd":25}}},
{"eqIndex":23,"section":"regular","tag":"assign","defines":["der(omega4)"],"uses":["a","theta7","k"],"equation":["(-k) * theta7 ^ a"],"source":{"info":{"file":"C:/Users/firstpc/y2021/Motion.mo","lineStart":268,"lineEnd":268,"colStart":5,"colEnd":30}}},
{"eqIndex":24,"section":"regular","tag":"assign","defines":["der(theta7)"],"uses":["omega4"],"equation":["omega4"],"source":{"info":{"file":"C:/Users/firstpc/y2021/Motion.mo","lineStart":267,"lineEnd":267,"colStart":5,"colEnd":25}}},
{"eqIndex":25,"section":"start","tag":"assign","defines":["$START.theta1"],"uses":["theta2"],"equation":["theta2"],"source":{"info":{"file":"C:/Users/firstpc/y2021/Motion.mo","lineStart":243,"lineEnd":243,"colStart":5,"colEnd":32}}},
{"eqIndex":26,"section":"start","tag":"assign","defines":["$START.theta3"],"uses":["theta4"],"equation":["theta4"],"source":{"info":{"file":"C:/Users/firstpc/y2021/Motion.mo","lineStart":244,"lineEnd":244,"colStart":5,"colEnd":32}}},
{"eqIndex":27,"section":"start","tag":"assign","defines":["$START.theta5"],"uses":["theta6"],"equation":["theta6"],"source":{"info":{"file":"C:/Users/firstpc/y2021/Motion.mo","lineStart":245,"lineEnd":245,"colStart":5,"colEnd":32}}},
{"eqIndex":28,"section":"start","tag":"assign","defines":["$START.theta7"],"uses":["theta8"],"equation":["theta8"],"source":{"info":{"file":"C:/Users/firstpc/y2021/Motion.mo","lineStart":246,"lineEnd":246,"colStart":5,"colEnd":32}}}
],
"functions":[
]
}