{"format":"Transformational debugger info","version":1,
"info":{"name":"Motion.y2021.Ex1P2","description":""},
"variables":{
"X":{"comment":"","kind":"state","type":"Real","unit":"","displayUnit":"","source":{"info":{"file":"C:/Users/firstpc/y2021/Motion.mo","lineStart":13,"lineEnd":13,"colStart":3,"colEnd":21}}},
"der(X)":{"comment":"","kind":"derivative","type":"Real","unit":"","displayUnit":"","source":{"info":{"file":"C:/Users/firstpc/y2021/Motion.mo","lineStart":13,"lineEnd":13,"colStart":3,"colEnd":21}}},
"N0":{"comment":"","kind":"parameter","type":"Real","unit":"","displayUnit":"","source":{"info":{"file":"C:/Users/firstpc/y2021/Motion.mo","lineStart":14,"lineEnd":14,"colStart":5,"colEnd":26}}}
},
"equations":[{"eqIndex":0,"tag":"dummy"},
{"eqIndex":1,"section":"initial","tag":"assign","defines":["X"],"uses":["$START.X"],"equation":["$START.X"],"source":{"info":{"file":"","lineStart":0,"lineEnd":0,"colStart":0,"colEnd":0}}},
{"eqIndex":2,"tag":"alias","equation":[3],"section":"initial"},
{"eqIndex":3,"section":"regular","tag":"assign","defines":["der(X)"],"uses":["v"],"equation":["v"],"source":{"info":{"file":"C:/Users/firstpc/y2021/Motion.mo","lineStart":17,"lineEnd":17,"colStart":5,"colEnd":14}}},
{"eqIndex":4,"section":"start","tag":"assign","defines":["$START.X"],"uses":["N0"],"equation":["N0"],"source":{"info":{"file":"C:/Users/firstpc/y2021/Motion.mo","lineStart":13,"lineEnd":13,"colStart":3,"colEnd":21}}}
],
"functions":[
]
}