{"format":"Transformational debugger info","version":1,
"info":{"name":"Motion.y2021.week307","description":""},
"variables":{
"vx":{"comment":"x-component of velocity","kind":"state","type":"Real","unit":"","displayUnit":"","source":{"info":{"file":"C:/Users/firstpc/y2021/Motion.mo","lineStart":68,"lineEnd":68,"colStart":7,"colEnd":82}}},
"x":{"comment":"x position","kind":"state","type":"Real","unit":"","displayUnit":"","source":{"info":{"file":"C:/Users/firstpc/y2021/Motion.mo","lineStart":66,"lineEnd":66,"colStart":2,"colEnd":21}}},
"y":{"comment":"y position","kind":"state","type":"Real","unit":"","displayUnit":"","source":{"info":{"file":"C:/Users/firstpc/y2021/Motion.mo","lineStart":67,"lineEnd":67,"colStart":7,"colEnd":26}}},
"der(vx)":{"comment":"der(x-component of velocity)","kind":"derivative","type":"Real","unit":"","displayUnit":"","source":{"info":{"file":"C:/Users/firstpc/y2021/Motion.mo","lineStart":68,"lineEnd":68,"colStart":7,"colEnd":82}}},
"der(x)":{"comment":"der(x position)","kind":"derivative","type":"Real","unit":"","displayUnit":"","source":{"info":{"file":"C:/Users/firstpc/y2021/Motion.mo","lineStart":66,"lineEnd":66,"colStart":2,"colEnd":21}}},
"der(y)":{"comment":"der(y position)","kind":"derivative","type":"Real","unit":"","displayUnit":"","source":{"info":{"file":"C:/Users/firstpc/y2021/Motion.mo","lineStart":67,"lineEnd":67,"colStart":7,"colEnd":26}}},
"v":{"comment":"Speed of object","kind":"variable","type":"Real","unit":"","displayUnit":"","source":{"info":{"file":"C:/Users/firstpc/y2021/Motion.mo","lineStart":70,"lineEnd":70,"colStart":7,"colEnd":31}}},
"$whenCondition1":{"comment":"y < 0.0","kind":"discrete","type":"Boolean","unit":"","displayUnit":"","source":{"info":{"file":"C:/Users/firstpc/y2021/Motion.mo","lineStart":84,"lineEnd":84,"colStart":9,"colEnd":48}}},
"B2":{"comment":"Drag coefficient","kind":"parameter","type":"Real","unit":"","displayUnit":"","source":{"info":{"file":"C:/Users/firstpc/y2021/Motion.mo","lineStart":74,"lineEnd":74,"colStart":7,"colEnd":52}}},
"thetaDeg0":{"comment":"Launch angle in degree","kind":"parameter","type":"Real","unit":"","displayUnit":"","source":{"info":{"file":"C:/Users/firstpc/y2021/Motion.mo","lineStart":72,"lineEnd":72,"colStart":7,"colEnd":63}}},
"v0":{"comment":"Initial speed","kind":"parameter","type":"Real","unit":"","displayUnit":"","source":{"info":{"file":"C:/Users/firstpc/y2021/Motion.mo","lineStart":71,"lineEnd":71,"colStart":7,"colEnd":47}}},
"PI":{"comment":"","kind":"constant","type":"Real","unit":"","displayUnit":"","source":{"info":{"file":"C:/Users/firstpc/y2021/Motion.mo","lineStart":75,"lineEnd":75,"colStart":7,"colEnd":36}}}
},
"equations":[{"eqIndex":0,"tag":"dummy"},
{"eqIndex":1,"section":"initial","tag":"assign","defines":["x"],"uses":["$START.x"],"equation":["$START.x"],"source":{"info":{"file":"","lineStart":0,"lineEnd":0,"colStart":0,"colEnd":0}}},
{"eqIndex":2,"section":"initial","tag":"assign","defines":["vy"],"uses":["$START.vy"],"equation":["$START.vy"],"source":{"info":{"file":"","lineStart":0,"lineEnd":0,"colStart":0,"colEnd":0}}},
{"eqIndex":3,"section":"initial","tag":"assign","defines":["vx"],"uses":["$START.vx"],"equation":["$START.vx"],"source":{"info":{"file":"","lineStart":0,"lineEnd":0,"colStart":0,"colEnd":0}}},
{"eqIndex":4,"tag":"alias","equation":[16],"section":"initial"},
{"eqIndex":5,"tag":"alias","equation":[15],"section":"initial"},
{"eqIndex":6,"tag":"alias","equation":[12],"section":"initial"},
{"eqIndex":7,"tag":"alias","equation":[13],"section":"initial"},
{"eqIndex":8,"tag":"alias","equation":[14],"section":"initial"},
{"eqIndex":9,"section":"initial","tag":"assign","defines":["y"],"uses":["$START.y"],"equation":["$START.y"],"source":{"info":{"file":"","lineStart":0,"lineEnd":0,"colStart":0,"colEnd":0}}},
{"eqIndex":10,"tag":"alias","equation":[11],"section":"initial"},
{"eqIndex":11,"section":"regular","tag":"assign","defines":["$whenCondition1"],"uses":["y"],"equation":["y < 0.0"],"source":{"info":{"file":"C:/Users/firstpc/y2021/Motion.mo","lineStart":84,"lineEnd":84,"colStart":9,"colEnd":48}}},
{"eqIndex":12,"section":"regular","tag":"assign","defines":["v"],"uses":["vy","vx"],"equation":["sqrt(vx ^ 2.0 + vy ^ 2.0)"],"source":{"info":{"file":"C:/Users/firstpc/y2021/Motion.mo","lineStart":82,"lineEnd":82,"colStart":7,"colEnd":32}}},
{"eqIndex":13,"section":"regular","tag":"assign","defines":["der(vy)"],"uses":["m","vy","v","B2"],"equation":["(-9.810000000000001 - B2 * v * vy) / m"],"source":{"info":{"file":"C:/Users/firstpc/y2021/Motion.mo","lineStart":81,"lineEnd":81,"colStart":7,"colEnd":43}}},
{"eqIndex":14,"section":"regular","tag":"assign","defines":["der(vx)"],"uses":["m","vx","v","B2"],"equation":["(-B2) * v * vx / m"],"source":{"info":{"file":"C:/Users/firstpc/y2021/Motion.mo","lineStart":80,"lineEnd":80,"colStart":7,"colEnd":33}}},
{"eqIndex":15,"section":"regular","tag":"assign","defines":["der(y)"],"uses":["vy"],"equation":["vy"],"source":{"info":{"file":"C:/Users/firstpc/y2021/Motion.mo","lineStart":79,"lineEnd":79,"colStart":7,"colEnd":18}}},
{"eqIndex":16,"section":"regular","tag":"assign","defines":["der(x)"],"uses":["vx"],"equation":["vx"],"source":{"info":{"file":"C:/Users/firstpc/y2021/Motion.mo","lineStart":78,"lineEnd":78,"colStart":7,"colEnd":18}}},
{"eqIndex":17,"section":"regular","tag":"when","uses":["$whenCondition1"],"equation":["\"object touches the ground.\""],"source":{"info":{"file":"C:/Users/firstpc/y2021/Motion.mo","lineStart":84,"lineEnd":84,"colStart":9,"colEnd":48}}},
{"eqIndex":18,"section":"start","tag":"assign","defines":["$START.vy"],"uses":["thetaDeg0","v0"],"equation":["v0 * sin(0.0174532925 * thetaDeg0)"],"source":{"info":{"file":"C:/Users/firstpc/y2021/Motion.mo","lineStart":69,"lineEnd":69,"colStart":7,"colEnd":82}}},
{"eqIndex":19,"section":"start","tag":"assign","defines":["$START.vx"],"uses":["thetaDeg0","v0"],"equation":["v0 * cos(0.0174532925 * thetaDeg0)"],"source":{"info":{"file":"C:/Users/firstpc/y2021/Motion.mo","lineStart":68,"lineEnd":68,"colStart":7,"colEnd":82}}}
],
"functions":[
]
}