{"format":"Transformational debugger info","version":1,
"info":{"name":"Motion.y2021.ForcedNL21","description":""},
"variables":{
"omega":{"comment":"","kind":"state","type":"Real","unit":"","displayUnit":"","source":{"info":{"file":"C:/Users/firstpc/y2021/Motion.mo","lineStart":359,"lineEnd":359,"colStart":5,"colEnd":15}}},
"theta1":{"comment":"","kind":"state","type":"Real","unit":"","displayUnit":"","source":{"info":{"file":"C:/Users/firstpc/y2021/Motion.mo","lineStart":357,"lineEnd":357,"colStart":1,"colEnd":28}}},
"theta2":{"comment":"","kind":"state","type":"Real","unit":"","displayUnit":"","source":{"info":{"file":"C:/Users/firstpc/y2021/Motion.mo","lineStart":358,"lineEnd":358,"colStart":5,"colEnd":32}}},
"der(omega)":{"comment":"","kind":"derivative","type":"Real","unit":"","displayUnit":"","source":{"info":{"file":"C:/Users/firstpc/y2021/Motion.mo","lineStart":359,"lineEnd":359,"colStart":5,"colEnd":15}}},
"der(theta1)":{"comment":"","kind":"derivative","type":"Real","unit":"","displayUnit":"","source":{"info":{"file":"C:/Users/firstpc/y2021/Motion.mo","lineStart":357,"lineEnd":357,"colStart":1,"colEnd":28}}},
"der(theta2)":{"comment":"","kind":"derivative","type":"Real","unit":"","displayUnit":"","source":{"info":{"file":"C:/Users/firstpc/y2021/Motion.mo","lineStart":358,"lineEnd":358,"colStart":5,"colEnd":32}}},
"$cse1":{"comment":"","kind":"variable","type":"Real","unit":"","displayUnit":"","source":{"info":{"file":"","lineStart":0,"lineEnd":0,"colStart":0,"colEnd":0}}},
"Fd":{"comment":"","kind":"parameter","type":"Real","unit":"","displayUnit":"","source":{"info":{"file":"C:/Users/firstpc/y2021/Motion.mo","lineStart":367,"lineEnd":367,"colStart":5,"colEnd":27}}},
"g":{"comment":"","kind":"parameter","type":"Real","unit":"","displayUnit":"","source":{"info":{"file":"C:/Users/firstpc/y2021/Motion.mo","lineStart":368,"lineEnd":368,"colStart":5,"colEnd":27}}},
"l":{"comment":"","kind":"parameter","type":"Real","unit":"","displayUnit":"","source":{"info":{"file":"C:/Users/firstpc/y2021/Motion.mo","lineStart":362,"lineEnd":362,"colStart":5,"colEnd":27}}},
"q":{"comment":"","kind":"parameter","type":"Real","unit":"","displayUnit":"","source":{"info":{"file":"C:/Users/firstpc/y2021/Motion.mo","lineStart":365,"lineEnd":365,"colStart":5,"colEnd":27}}},
"theta3":{"comment":"","kind":"parameter","type":"Real","unit":"","displayUnit":"","source":{"info":{"file":"C:/Users/firstpc/y2021/Motion.mo","lineStart":363,"lineEnd":363,"colStart":5,"colEnd":31}}},
"theta4":{"comment":"","kind":"parameter","type":"Real","unit":"","displayUnit":"","source":{"info":{"file":"C:/Users/firstpc/y2021/Motion.mo","lineStart":364,"lineEnd":364,"colStart":5,"colEnd":33}}}
},
"equations":[{"eqIndex":0,"tag":"dummy"},
{"eqIndex":1,"section":"initial","tag":"assign","defines":["omega1"],"uses":["$START.omega1"],"equation":["$START.omega1"],"source":{"info":{"file":"","lineStart":0,"lineEnd":0,"colStart":0,"colEnd":0}}},
{"eqIndex":2,"section":"initial","tag":"assign","defines":["omega"],"uses":["$START.omega"],"equation":["$START.omega"],"source":{"info":{"file":"","lineStart":0,"lineEnd":0,"colStart":0,"colEnd":0}}},
{"eqIndex":3,"section":"initial","tag":"assign","defines":["theta2"],"uses":["$START.theta2"],"equation":["$START.theta2"],"source":{"info":{"file":"","lineStart":0,"lineEnd":0,"colStart":0,"colEnd":0}}},
{"eqIndex":4,"section":"initial","tag":"assign","defines":["theta1"],"uses":["$START.theta1"],"equation":["$START.theta1"],"source":{"info":{"file":"","lineStart":0,"lineEnd":0,"colStart":0,"colEnd":0}}},
{"eqIndex":5,"tag":"alias","equation":[15],"section":"initial"},
{"eqIndex":6,"section":"initial","tag":"assign","defines":["der(omega)"],"uses":["l","theta1","g","omega","q","time","OmegaD","Fd"],"equation":["Fd * sin(OmegaD * time) - q * omega - g * theta1 / l"],"source":{"info":{"file":"C:/Users/firstpc/y2021/Motion.mo","lineStart":371,"lineEnd":371,"colStart":5,"colEnd":59}}},
{"eqIndex":7,"tag":"alias","equation":[13],"section":"initial"},
{"eqIndex":8,"section":"initial","tag":"assign","defines":["der(omega1)"],"uses":["l","theta2","g","omega1","q","time","OmegaD","Fd"],"equation":["Fd * sin(OmegaD * time) - q * omega1 - g * theta2 / l"],"source":{"info":{"file":"C:/Users/firstpc/y2021/Motion.mo","lineStart":373,"lineEnd":373,"colStart":5,"colEnd":60}}},
{"eqIndex":9,"tag":"alias","equation":[11],"section":"initial"},
{"eqIndex":10,"section":"regular","tag":"assign","defines":["$cse1"],"uses":["time","OmegaD"],"equation":["sin(OmegaD * time)"],"source":{"info":{"file":"","lineStart":0,"lineEnd":0,"colStart":0,"colEnd":0}}},
{"eqIndex":11,"section":"regular","tag":"assign","defines":["deltheta"],"uses":["theta2","theta1"],"equation":["abs(theta1 - theta2)"],"source":{"info":{"file":"C:/Users/firstpc/y2021/Motion.mo","lineStart":374,"lineEnd":374,"colStart":5,"colEnd":33}}},
{"eqIndex":12,"section":"regular","tag":"assign","defines":["der(omega1)"],"uses":["l","theta2","g","omega1","q","$cse1","Fd"],"equation":["Fd * $cse1 - q * omega1 - g * theta2 / l"],"source":{"info":{"file":"C:/Users/firstpc/y2021/Motion.mo","lineStart":373,"lineEnd":373,"colStart":5,"colEnd":60}}},
{"eqIndex":13,"section":"regular","tag":"assign","defines":["der(theta2)"],"uses":["omega1"],"equation":["omega1"],"source":{"info":{"file":"C:/Users/firstpc/y2021/Motion.mo","lineStart":372,"lineEnd":372,"colStart":5,"colEnd":25}}},
{"eqIndex":14,"section":"regular","tag":"assign","defines":["der(omega)"],"uses":["l","theta1","g","omega","q","$cse1","Fd"],"equation":["Fd * $cse1 - q * omega - g * theta1 / l"],"source":{"info":{"file":"C:/Users/firstpc/y2021/Motion.mo","lineStart":371,"lineEnd":371,"colStart":5,"colEnd":59}}},
{"eqIndex":15,"section":"regular","tag":"assign","defines":["der(theta1)"],"uses":["omega"],"equation":["omega"],"source":{"info":{"file":"C:/Users/firstpc/y2021/Motion.mo","lineStart":370,"lineEnd":370,"colStart":5,"colEnd":24}}},
{"eqIndex":16,"section":"start","tag":"assign","defines":["$START.theta2"],"uses":["theta4"],"equation":["theta4"],"source":{"info":{"file":"C:/Users/firstpc/y2021/Motion.mo","lineStart":358,"lineEnd":358,"colStart":5,"colEnd":32}}},
{"eqIndex":17,"section":"start","tag":"assign","defines":["$START.theta1"],"uses":["theta3"],"equation":["theta3"],"source":{"info":{"file":"C:/Users/firstpc/y2021/Motion.mo","lineStart":357,"lineEnd":357,"colStart":1,"colEnd":28}}}
],
"functions":[
]
}