{"format":"Transformational debugger info","version":1,
"info":{"name":"Motion.y2021.EnergyEuler","description":""},
"variables":{
"omega":{"comment":"","kind":"state","type":"Real","unit":"","displayUnit":"","source":{"info":{"file":"C:/Users/firstpc/y2021/Motion.mo","lineStart":266,"lineEnd":266,"colStart":5,"colEnd":15}}},
"der(omega)":{"comment":"","kind":"derivative","type":"Real","unit":"","displayUnit":"","source":{"info":{"file":"C:/Users/firstpc/y2021/Motion.mo","lineStart":266,"lineEnd":266,"colStart":5,"colEnd":15}}},
"E":{"comment":"","kind":"variable","type":"Real","unit":"","displayUnit":"","source":{"info":{"file":"C:/Users/firstpc/y2021/Motion.mo","lineStart":271,"lineEnd":271,"colStart":5,"colEnd":11}}},
"L":{"comment":"","kind":"parameter","type":"Real","unit":"","displayUnit":"","source":{"info":{"file":"C:/Users/firstpc/y2021/Motion.mo","lineStart":268,"lineEnd":268,"colStart":5,"colEnd":27}}},
"m":{"comment":"","kind":"parameter","type":"Real","unit":"","displayUnit":"","source":{"info":{"file":"C:/Users/firstpc/y2021/Motion.mo","lineStart":270,"lineEnd":270,"colStart":5,"colEnd":27}}},
"theta0":{"comment":"","kind":"parameter","type":"Real","unit":"","displayUnit":"","source":{"info":{"file":"C:/Users/firstpc/y2021/Motion.mo","lineStart":269,"lineEnd":269,"colStart":5,"colEnd":31}}}
},
"equations":[{"eqIndex":0,"tag":"dummy"},
{"eqIndex":1,"section":"initial","tag":"assign","defines":["omega"],"uses":["$START.omega"],"equation":["$START.omega"],"source":{"info":{"file":"","lineStart":0,"lineEnd":0,"colStart":0,"colEnd":0}}},
{"eqIndex":2,"section":"initial","tag":"assign","defines":["theta"],"uses":["$START.theta"],"equation":["$START.theta"],"source":{"info":{"file":"","lineStart":0,"lineEnd":0,"colStart":0,"colEnd":0}}},
{"eqIndex":3,"tag":"alias","equation":[8],"section":"initial"},
{"eqIndex":4,"tag":"alias","equation":[7],"section":"initial"},
{"eqIndex":5,"tag":"alias","equation":[6],"section":"initial"},
{"eqIndex":6,"section":"regular","tag":"assign","defines":["E"],"uses":["theta","g","omega","L","m"],"equation":["0.5 * m * L ^ 2.0 * (omega ^ 2.0 + g * theta ^ 2.0 / L)"],"source":{"info":{"file":"C:/Users/firstpc/y2021/Motion.mo","lineStart":275,"lineEnd":275,"colStart":5,"colEnd":41}}},
{"eqIndex":7,"section":"regular","tag":"assign","defines":["der(omega)"],"uses":["L","theta","g"],"equation":["(-g) * theta / L"],"source":{"info":{"file":"C:/Users/firstpc/y2021/Motion.mo","lineStart":274,"lineEnd":274,"colStart":5,"colEnd":31}}},
{"eqIndex":8,"section":"regular","tag":"assign","defines":["der(theta)"],"uses":["omega"],"equation":["omega"],"source":{"info":{"file":"C:/Users/firstpc/y2021/Motion.mo","lineStart":273,"lineEnd":273,"colStart":5,"colEnd":23}}},
{"eqIndex":9,"section":"start","tag":"assign","defines":["$START.theta"],"uses":["theta0"],"equation":["theta0"],"source":{"info":{"file":"C:/Users/firstpc/y2021/Motion.mo","lineStart":265,"lineEnd":265,"colStart":1,"colEnd":27}}}
],
"functions":[
]
}