{"format":"Transformational debugger info","version":1,
"info":{"name":"Motion.y2021.week308","description":""},
"variables":{
"vx":{"comment":"","kind":"state","type":"Real","unit":"","displayUnit":"","source":{"info":{"file":"C:/Users/firstpc/y2021/Motion.mo","lineStart":90,"lineEnd":90,"colStart":5,"colEnd":53}}},
"x":{"comment":"","kind":"state","type":"Real","unit":"","displayUnit":"","source":{"info":{"file":"C:/Users/firstpc/y2021/Motion.mo","lineStart":88,"lineEnd":88,"colStart":1,"colEnd":7}}},
"y":{"comment":"","kind":"state","type":"Real","unit":"","displayUnit":"","source":{"info":{"file":"C:/Users/firstpc/y2021/Motion.mo","lineStart":89,"lineEnd":89,"colStart":5,"colEnd":11}}},
"der(vx)":{"comment":"","kind":"derivative","type":"Real","unit":"","displayUnit":"","source":{"info":{"file":"C:/Users/firstpc/y2021/Motion.mo","lineStart":90,"lineEnd":90,"colStart":5,"colEnd":53}}},
"der(x)":{"comment":"","kind":"derivative","type":"Real","unit":"","displayUnit":"","source":{"info":{"file":"C:/Users/firstpc/y2021/Motion.mo","lineStart":88,"lineEnd":88,"colStart":1,"colEnd":7}}},
"der(y)":{"comment":"","kind":"derivative","type":"Real","unit":"","displayUnit":"","source":{"info":{"file":"C:/Users/firstpc/y2021/Motion.mo","lineStart":89,"lineEnd":89,"colStart":5,"colEnd":11}}},
"rho":{"comment":"","kind":"variable","type":"Real","unit":"","displayUnit":"","source":{"info":{"file":"C:/Users/firstpc/y2021/Motion.mo","lineStart":93,"lineEnd":93,"colStart":5,"colEnd":13}}},
"$whenCondition1":{"comment":"y < 0.0","kind":"discrete","type":"Boolean","unit":"","displayUnit":"","source":{"info":{"file":"C:/Users/firstpc/y2021/Motion.mo","lineStart":111,"lineEnd":111,"colStart":9,"colEnd":48}}},
"B2":{"comment":"","kind":"parameter","type":"Real","unit":"","displayUnit":"","source":{"info":{"file":"C:/Users/firstpc/y2021/Motion.mo","lineStart":97,"lineEnd":97,"colStart":5,"colEnd":30}}},
"a":{"comment":"","kind":"parameter","type":"Real","unit":"","displayUnit":"","source":{"info":{"file":"C:/Users/firstpc/y2021/Motion.mo","lineStart":100,"lineEnd":100,"colStart":5,"colEnd":30}}},
"alpha":{"comment":"","kind":"parameter","type":"Real","unit":"","displayUnit":"","source":{"info":{"file":"C:/Users/firstpc/y2021/Motion.mo","lineStart":99,"lineEnd":99,"colStart":5,"colEnd":30}}},
"m":{"comment":"","kind":"parameter","type":"Real","unit":"","displayUnit":"","source":{"info":{"file":"C:/Users/firstpc/y2021/Motion.mo","lineStart":96,"lineEnd":96,"colStart":5,"colEnd":26}}},
"thetaDeg0":{"comment":"","kind":"parameter","type":"Real","unit":"","displayUnit":"","source":{"info":{"file":"C:/Users/firstpc/y2021/Motion.mo","lineStart":95,"lineEnd":95,"colStart":5,"colEnd":35}}},
"v0":{"comment":"","kind":"parameter","type":"Real","unit":"","displayUnit":"","source":{"info":{"file":"C:/Users/firstpc/y2021/Motion.mo","lineStart":94,"lineEnd":94,"colStart":5,"colEnd":28}}},
"PI":{"comment":"","kind":"constant","type":"Real","unit":"","displayUnit":"","source":{"info":{"file":"C:/Users/firstpc/y2021/Motion.mo","lineStart":101,"lineEnd":101,"colStart":5,"colEnd":34}}}
},
"equations":[{"eqIndex":0,"tag":"dummy"},
{"eqIndex":1,"section":"initial","tag":"assign","defines":["x"],"uses":["$START.x"],"equation":["$START.x"],"source":{"info":{"file":"","lineStart":0,"lineEnd":0,"colStart":0,"colEnd":0}}},
{"eqIndex":2,"section":"initial","tag":"assign","defines":["rho"],"uses":[],"equation":["1.3"],"source":{"info":{"file":"C:/Users/firstpc/y2021/Motion.mo","lineStart":93,"lineEnd":93,"colStart":5,"colEnd":13}}},
{"eqIndex":3,"section":"initial","tag":"assign","defines":["vy"],"uses":["$START.vy"],"equation":["$START.vy"],"source":{"info":{"file":"","lineStart":0,"lineEnd":0,"colStart":0,"colEnd":0}}},
{"eqIndex":4,"section":"initial","tag":"assign","defines":["vx"],"uses":["$START.vx"],"equation":["$START.vx"],"source":{"info":{"file":"","lineStart":0,"lineEnd":0,"colStart":0,"colEnd":0}}},
{"eqIndex":5,"tag":"alias","equation":[15],"section":"initial"},
{"eqIndex":6,"tag":"alias","equation":[16],"section":"initial"},
{"eqIndex":7,"tag":"alias","equation":[17],"section":"initial"},
{"eqIndex":8,"tag":"alias","equation":[14],"section":"initial"},
{"eqIndex":9,"tag":"alias","equation":[13],"section":"initial"},
{"eqIndex":10,"section":"initial","tag":"assign","defines":["y"],"uses":["$START.y"],"equation":["$START.y"],"source":{"info":{"file":"","lineStart":0,"lineEnd":0,"colStart":0,"colEnd":0}}},
{"eqIndex":11,"tag":"alias","equation":[12],"section":"initial"},
{"eqIndex":12,"section":"regular","tag":"assign","defines":["$whenCondition1"],"uses":["y"],"equation":["y < 0.0"],"source":{"info":{"file":"C:/Users/firstpc/y2021/Motion.mo","lineStart":111,"lineEnd":111,"colStart":9,"colEnd":48}}},
{"eqIndex":13,"section":"regular","tag":"assign","defines":["der(x)"],"uses":["vx"],"equation":["vx"],"source":{"info":{"file":"C:/Users/firstpc/y2021/Motion.mo","lineStart":104,"lineEnd":104,"colStart":7,"colEnd":18}}},
{"eqIndex":14,"section":"regular","tag":"assign","defines":["der(y)"],"uses":["vy"],"equation":["vy"],"source":{"info":{"file":"C:/Users/firstpc/y2021/Motion.mo","lineStart":105,"lineEnd":105,"colStart":7,"colEnd":18}}},
{"eqIndex":15,"section":"regular","tag":"assign","defines":["v"],"uses":["vy","vx"],"equation":["sqrt(vx ^ 2.0 + vy ^ 2.0)"],"source":{"info":{"file":"C:/Users/firstpc/y2021/Motion.mo","lineStart":108,"lineEnd":108,"colStart":7,"colEnd":32}}},
{"eqIndex":16,"section":"regular","tag":"assign","defines":["der(vy)"],"uses":["m","vy","v","B2"],"equation":["(-9.810000000000001 + 1.3 * (-B2) * v * vy) / m"],"source":{"info":{"file":"C:/Users/firstpc/y2021/Motion.mo","lineStart":107,"lineEnd":107,"colStart":7,"colEnd":49}}},
{"eqIndex":17,"section":"regular","tag":"assign","defines":["der(vx)"],"uses":["m","vx","v","B2"],"equation":["1.3 * (-B2) * v * vx / m"],"source":{"info":{"file":"C:/Users/firstpc/y2021/Motion.mo","lineStart":106,"lineEnd":106,"colStart":7,"colEnd":39}}},
{"eqIndex":18,"section":"regular","tag":"when","uses":["$whenCondition1"],"equation":["\"object touches the ground.\""],"source":{"info":{"file":"C:/Users/firstpc/y2021/Motion.mo","lineStart":111,"lineEnd":111,"colStart":9,"colEnd":48}}},
{"eqIndex":19,"section":"start","tag":"assign","defines":["$START.vy"],"uses":["thetaDeg0","v0"],"equation":["v0 * sin(0.0174532925 * thetaDeg0)"],"source":{"info":{"file":"C:/Users/firstpc/y2021/Motion.mo","lineStart":91,"lineEnd":91,"colStart":5,"colEnd":53}}},
{"eqIndex":20,"section":"start","tag":"assign","defines":["$START.vx"],"uses":["thetaDeg0","v0"],"equation":["v0 * cos(0.0174532925 * thetaDeg0)"],"source":{"info":{"file":"C:/Users/firstpc/y2021/Motion.mo","lineStart":90,"lineEnd":90,"colStart":5,"colEnd":53}}},
{"eqIndex":21,"tag":"alias","equation":[2],"section":"parameter"}
],
"functions":[
]
}