{"format":"Transformational debugger info","version":1,
"info":{"name":"Motion.y2021.Ex1P4","description":""},
"variables":{
"n1":{"comment":"","kind":"state","type":"Real","unit":"","displayUnit":"","source":{"info":{"file":"C:/Users/firstpc/y2021/Motion.mo","lineStart":21,"lineEnd":21,"colStart":3,"colEnd":23}}},
"der(n1)":{"comment":"","kind":"derivative","type":"Real","unit":"","displayUnit":"","source":{"info":{"file":"C:/Users/firstpc/y2021/Motion.mo","lineStart":21,"lineEnd":21,"colStart":3,"colEnd":23}}},
"n10":{"comment":"","kind":"parameter","type":"Real","unit":"","displayUnit":"","source":{"info":{"file":"C:/Users/firstpc/y2021/Motion.mo","lineStart":23,"lineEnd":23,"colStart":5,"colEnd":31}}},
"tau1":{"comment":"","kind":"parameter","type":"Real","unit":"","displayUnit":"","source":{"info":{"file":"C:/Users/firstpc/y2021/Motion.mo","lineStart":25,"lineEnd":25,"colStart":5,"colEnd":29}}},
"tau2":{"comment":"","kind":"parameter","type":"Real","unit":"","displayUnit":"","source":{"info":{"file":"C:/Users/firstpc/y2021/Motion.mo","lineStart":26,"lineEnd":26,"colStart":5,"colEnd":29}}}
},
"equations":[{"eqIndex":0,"tag":"dummy"},
{"eqIndex":1,"section":"initial","tag":"assign","defines":["n2"],"uses":["$START.n2"],"equation":["$START.n2"],"source":{"info":{"file":"","lineStart":0,"lineEnd":0,"colStart":0,"colEnd":0}}},
{"eqIndex":2,"section":"initial","tag":"assign","defines":["n1"],"uses":["$START.n1"],"equation":["$START.n1"],"source":{"info":{"file":"","lineStart":0,"lineEnd":0,"colStart":0,"colEnd":0}}},
{"eqIndex":3,"tag":"alias","equation":[6],"section":"initial"},
{"eqIndex":4,"tag":"alias","equation":[5],"section":"initial"},
{"eqIndex":5,"section":"regular","tag":"assign","defines":["der(n2)"],"uses":["tau2","n2","tau1","n1"],"equation":["n1 / tau1 - n2 / tau2"],"source":{"info":{"file":"C:/Users/firstpc/y2021/Motion.mo","lineStart":29,"lineEnd":29,"colStart":7,"colEnd":38}}},
{"eqIndex":6,"section":"regular","tag":"assign","defines":["der(n1)"],"uses":["tau1","n1"],"equation":["(-n1) / tau1"],"source":{"info":{"file":"C:/Users/firstpc/y2021/Motion.mo","lineStart":28,"lineEnd":28,"colStart":7,"colEnd":25}}},
{"eqIndex":7,"section":"start","tag":"assign","defines":["$START.n2"],"uses":["n20"],"equation":["n20"],"source":{"info":{"file":"C:/Users/firstpc/y2021/Motion.mo","lineStart":22,"lineEnd":22,"colStart":7,"colEnd":27}}},
{"eqIndex":8,"section":"start","tag":"assign","defines":["$START.n1"],"uses":["n10"],"equation":["n10"],"source":{"info":{"file":"C:/Users/firstpc/y2021/Motion.mo","lineStart":21,"lineEnd":21,"colStart":3,"colEnd":23}}}
],
"functions":[
]
}