{"format":"Transformational debugger info","version":1,
"info":{"name":"Motion.y2021.Earth1","description":""},
"variables":{
"vx":{"comment":"","kind":"state","type":"Real","unit":"","displayUnit":"","source":{"info":{"file":"C:/Users/firstpc/y2021/Motion.mo","lineStart":428,"lineEnd":428,"colStart":5,"colEnd":12}}},
"x":{"comment":"","kind":"state","type":"Real","unit":"","displayUnit":"","source":{"info":{"file":"C:/Users/firstpc/y2021/Motion.mo","lineStart":427,"lineEnd":427,"colStart":5,"colEnd":23}}},
"y":{"comment":"","kind":"state","type":"Real","unit":"","displayUnit":"","source":{"info":{"file":"C:/Users/firstpc/y2021/Motion.mo","lineStart":429,"lineEnd":429,"colStart":5,"colEnd":11}}},
"der(vx)":{"comment":"","kind":"derivative","type":"Real","unit":"","displayUnit":"","source":{"info":{"file":"C:/Users/firstpc/y2021/Motion.mo","lineStart":428,"lineEnd":428,"colStart":5,"colEnd":12}}},
"der(x)":{"comment":"","kind":"derivative","type":"Real","unit":"","displayUnit":"","source":{"info":{"file":"C:/Users/firstpc/y2021/Motion.mo","lineStart":427,"lineEnd":427,"colStart":5,"colEnd":23}}},
"der(y)":{"comment":"","kind":"derivative","type":"Real","unit":"","displayUnit":"","source":{"info":{"file":"C:/Users/firstpc/y2021/Motion.mo","lineStart":429,"lineEnd":429,"colStart":5,"colEnd":11}}},
"L":{"comment":"","kind":"variable","type":"Real","unit":"","displayUnit":"","source":{"info":{"file":"C:/Users/firstpc/y2021/Motion.mo","lineStart":433,"lineEnd":433,"colStart":5,"colEnd":11}}},
"U":{"comment":"","kind":"variable","type":"Real","unit":"","displayUnit":"","source":{"info":{"file":"C:/Users/firstpc/y2021/Motion.mo","lineStart":432,"lineEnd":432,"colStart":5,"colEnd":11}}},
"k":{"comment":"","kind":"variable","type":"Real","unit":"","displayUnit":"","source":{"info":{"file":"C:/Users/firstpc/y2021/Motion.mo","lineStart":435,"lineEnd":435,"colStart":5,"colEnd":11}}},
"r":{"comment":"","kind":"variable","type":"Real","unit":"","displayUnit":"","source":{"info":{"file":"C:/Users/firstpc/y2021/Motion.mo","lineStart":431,"lineEnd":431,"colStart":5,"colEnd":11}}},
"z":{"comment":"","kind":"variable","type":"Real","unit":"","displayUnit":"","source":{"info":{"file":"C:/Users/firstpc/y2021/Motion.mo","lineStart":434,"lineEnd":434,"colStart":5,"colEnd":11}}},
"M2":{"comment":"","kind":"parameter","type":"Real","unit":"","displayUnit":"","source":{"info":{"file":"C:/Users/firstpc/y2021/Motion.mo","lineStart":440,"lineEnd":440,"colStart":5,"colEnd":27}}},
"x0":{"comment":"","kind":"parameter","type":"Real","unit":"","displayUnit":"","source":{"info":{"file":"C:/Users/firstpc/y2021/Motion.mo","lineStart":438,"lineEnd":438,"colStart":5,"colEnd":28}}},
"PI":{"comment":"","kind":"constant","type":"Real","unit":"","displayUnit":"","source":{"info":{"file":"C:/Users/firstpc/y2021/Motion.mo","lineStart":437,"lineEnd":437,"colStart":5,"colEnd":33}}}
},
"equations":[{"eqIndex":0,"tag":"dummy"},
{"eqIndex":1,"section":"initial","tag":"assign","defines":["vy"],"uses":["$START.vy"],"equation":["$START.vy"],"source":{"info":{"file":"","lineStart":0,"lineEnd":0,"colStart":0,"colEnd":0}}},
{"eqIndex":2,"section":"initial","tag":"assign","defines":["y"],"uses":["$START.y"],"equation":["$START.y"],"source":{"info":{"file":"","lineStart":0,"lineEnd":0,"colStart":0,"colEnd":0}}},
{"eqIndex":3,"section":"initial","tag":"assign","defines":["vx"],"uses":["$START.vx"],"equation":["$START.vx"],"source":{"info":{"file":"","lineStart":0,"lineEnd":0,"colStart":0,"colEnd":0}}},
{"eqIndex":4,"section":"initial","tag":"assign","defines":["x"],"uses":["$START.x"],"equation":["$START.x"],"source":{"info":{"file":"","lineStart":0,"lineEnd":0,"colStart":0,"colEnd":0}}},
{"eqIndex":5,"tag":"alias","equation":[24],"section":"initial"},
{"eqIndex":6,"tag":"alias","equation":[22],"section":"initial"},
{"eqIndex":7,"tag":"alias","equation":[18],"section":"initial"},
{"eqIndex":8,"tag":"alias","equation":[21],"section":"initial"},
{"eqIndex":9,"tag":"alias","equation":[23],"section":"initial"},
{"eqIndex":10,"tag":"alias","equation":[16],"section":"initial"},
{"eqIndex":11,"tag":"alias","equation":[19],"section":"initial"},
{"eqIndex":12,"tag":"alias","equation":[17],"section":"initial"},
{"eqIndex":13,"tag":"alias","equation":[15],"section":"initial"},
{"eqIndex":14,"tag":"alias","equation":[20],"section":"initial"},
{"eqIndex":15,"section":"regular","tag":"assign","defines":["L"],"uses":["x","vy","y","vx"],"equation":["vx * y - vy * x"],"source":{"info":{"file":"C:/Users/firstpc/y2021/Motion.mo","lineStart":450,"lineEnd":450,"colStart":5,"colEnd":18}}},
{"eqIndex":16,"section":"regular","tag":"assign","defines":["z"],"uses":["vy","vx"],"equation":["sqrt(vx ^ 2.0 + vy ^ 2.0)"],"source":{"info":{"file":"C:/Users/firstpc/y2021/Motion.mo","lineStart":447,"lineEnd":447,"colStart":5,"colEnd":22}}},
{"eqIndex":17,"section":"regular","tag":"assign","defines":["k"],"uses":["z","M2"],"equation":["0.5 * M2 * z ^ 2.0"],"source":{"info":{"file":"C:/Users/firstpc/y2021/Motion.mo","lineStart":449,"lineEnd":449,"colStart":5,"colEnd":17}}},
{"eqIndex":18,"section":"regular","tag":"assign","defines":["r"],"uses":["y","x"],"equation":["sqrt(x ^ 2.0 + y ^ 2.0)"],"source":{"info":{"file":"C:/Users/firstpc/y2021/Motion.mo","lineStart":446,"lineEnd":446,"colStart":5,"colEnd":20}}},
{"eqIndex":19,"section":"regular","tag":"assign","defines":["U"],"uses":["r","M2"],"equation":["(-39.4784175141361) * M2 / r"],"source":{"info":{"file":"C:/Users/firstpc/y2021/Motion.mo","lineStart":448,"lineEnd":448,"colStart":5,"colEnd":21}}},
{"eqIndex":20,"section":"regular","tag":"assign","defines":["T"],"uses":["U","k"],"equation":["k + U"],"source":{"info":{"file":"C:/Users/firstpc/y2021/Motion.mo","lineStart":451,"lineEnd":451,"colStart":5,"colEnd":12}}},
{"eqIndex":21,"section":"regular","tag":"assign","defines":["der(vy)"],"uses":["r","y"],"equation":["(-39.4784175141361) * y / r ^ 3.0"],"source":{"info":{"file":"C:/Users/firstpc/y2021/Motion.mo","lineStart":445,"lineEnd":445,"colStart":5,"colEnd":29}}},
{"eqIndex":22,"section":"regular","tag":"assign","defines":["der(y)"],"uses":["vy"],"equation":["vy"],"source":{"info":{"file":"C:/Users/firstpc/y2021/Motion.mo","lineStart":444,"lineEnd":444,"colStart":5,"colEnd":16}}},
{"eqIndex":23,"section":"regular","tag":"assign","defines":["der(vx)"],"uses":["r","x"],"equation":["(-39.4784175141361) * x / r ^ 3.0"],"source":{"info":{"file":"C:/Users/firstpc/y2021/Motion.mo","lineStart":443,"lineEnd":443,"colStart":5,"colEnd":29}}},
{"eqIndex":24,"section":"regular","tag":"assign","defines":["der(x)"],"uses":["vx"],"equation":["vx"],"source":{"info":{"file":"C:/Users/firstpc/y2021/Motion.mo","lineStart":442,"lineEnd":442,"colStart":5,"colEnd":15}}},
{"eqIndex":25,"section":"start","tag":"assign","defines":["$START.vy"],"uses":["vy0"],"equation":["vy0"],"source":{"info":{"file":"C:/Users/firstpc/y2021/Motion.mo","lineStart":430,"lineEnd":430,"colStart":5,"colEnd":25}}},
{"eqIndex":26,"section":"start","tag":"assign","defines":["$START.x"],"uses":["x0"],"equation":["x0"],"source":{"info":{"file":"C:/Users/firstpc/y2021/Motion.mo","lineStart":427,"lineEnd":427,"colStart":5,"colEnd":23}}}
],
"functions":[
]
}