{"format":"Transformational debugger info","version":1,
"info":{"name":"Motion.y2021.Ex3P3161","description":""},
"variables":{
"omega":{"comment":"","kind":"state","type":"Real","unit":"","displayUnit":"","source":{"info":{"file":"C:/Users/firstpc/y2021/Motion.mo","lineStart":344,"lineEnd":344,"colStart":5,"colEnd":15}}},
"der(omega)":{"comment":"","kind":"derivative","type":"Real","unit":"","displayUnit":"","source":{"info":{"file":"C:/Users/firstpc/y2021/Motion.mo","lineStart":344,"lineEnd":344,"colStart":5,"colEnd":15}}},
"$cse1":{"comment":"","kind":"variable","type":"Real","unit":"","displayUnit":"","source":{"info":{"file":"","lineStart":0,"lineEnd":0,"colStart":0,"colEnd":0}}},
"Fd":{"comment":"\uffffffec\uffffffb6\uffffff94\uffffffec\uffffffa7\uffffff84\uffffffeb\uffffffa0\uffffffa5\uffffffec\uffffff9d\uffffff98 \uffffffed\uffffff81\uffffffac\uffffffea\uffffffb8\uffffffb0","kind":"parameter","type":"Real","unit":"","displayUnit":"","source":{"info":{"file":"C:/Users/firstpc/y2021/Motion.mo","lineStart":349,"lineEnd":349,"colStart":5,"colEnd":49}}},
"g":{"comment":"\uffffffec\uffffffa4\uffffff91\uffffffeb\uffffffa0\uffffffa5","kind":"parameter","type":"Real","unit":"","displayUnit":"","source":{"info":{"file":"C:/Users/firstpc/y2021/Motion.mo","lineStart":350,"lineEnd":350,"colStart":5,"colEnd":36}}},
"l":{"comment":"\uffffffec\uffffffa7\uffffff84\uffffffec\uffffff9e\uffffff90\uffffffec\uffffff9d\uffffff98\uffffffea\uffffffb8\uffffffb8\uffffffec\uffffff9d\uffffffb4","kind":"parameter","type":"Real","unit":"","displayUnit":"","source":{"info":{"file":"C:/Users/firstpc/y2021/Motion.mo","lineStart":345,"lineEnd":345,"colStart":5,"colEnd":45}}},
"q":{"comment":"\uffffffea\uffffffb0\uffffff90\uffffffec\uffffff87\uffffffa0 \uffffffeb\uffffffa7\uffffffa4\uffffffea\uffffffb0\uffffff9c\uffffffeb\uffffffb3\uffffff80\uffffffec\uffffff88\uffffff98=\uffffffec\uffffffa0\uffffff80\uffffffed\uffffff95\uffffffad.","kind":"parameter","type":"Real","unit":"","displayUnit":"","source":{"info":{"file":"C:/Users/firstpc/y2021/Motion.mo","lineStart":347,"lineEnd":347,"colStart":5,"colEnd":57}}},
"theta0":{"comment":"\uffffffec\uffffffa7\uffffff84\uffffffed\uffffff8f\uffffffad","kind":"parameter","type":"Real","unit":"","displayUnit":"","source":{"info":{"file":"C:/Users/firstpc/y2021/Motion.mo","lineStart":346,"lineEnd":346,"colStart":5,"colEnd":40}}}
},
"equations":[{"eqIndex":0,"tag":"dummy"},
{"eqIndex":1,"section":"initial","tag":"assign","defines":["omega"],"uses":["$START.omega"],"equation":["$START.omega"],"source":{"info":{"file":"","lineStart":0,"lineEnd":0,"colStart":0,"colEnd":0}}},
{"eqIndex":2,"section":"initial","tag":"assign","defines":["theta"],"uses":["$START.theta"],"equation":["$START.theta"],"source":{"info":{"file":"","lineStart":0,"lineEnd":0,"colStart":0,"colEnd":0}}},
{"eqIndex":3,"tag":"alias","equation":[7],"section":"initial"},
{"eqIndex":4,"section":"initial","tag":"assign","defines":["der(omega)"],"uses":["l","theta","g","omega","q","time","OmegaD","Fd"],"equation":["Fd * sin(OmegaD * time) - q * omega - g * theta / l"],"source":{"info":{"file":"C:/Users/firstpc/y2021/Motion.mo","lineStart":353,"lineEnd":353,"colStart":5,"colEnd":58}}},
{"eqIndex":5,"section":"regular","tag":"assign","defines":["$cse1"],"uses":["time","OmegaD"],"equation":["sin(OmegaD * time)"],"source":{"info":{"file":"","lineStart":0,"lineEnd":0,"colStart":0,"colEnd":0}}},
{"eqIndex":6,"section":"regular","tag":"assign","defines":["der(omega)"],"uses":["l","theta","g","omega","q","$cse1","Fd"],"equation":["Fd * $cse1 - q * omega - g * theta / l"],"source":{"info":{"file":"C:/Users/firstpc/y2021/Motion.mo","lineStart":353,"lineEnd":353,"colStart":5,"colEnd":58}}},
{"eqIndex":7,"section":"regular","tag":"assign","defines":["der(theta)"],"uses":["omega"],"equation":["omega"],"source":{"info":{"file":"C:/Users/firstpc/y2021/Motion.mo","lineStart":352,"lineEnd":352,"colStart":5,"colEnd":23}}},
{"eqIndex":8,"section":"start","tag":"assign","defines":["$START.theta"],"uses":["theta0"],"equation":["theta0"],"source":{"info":{"file":"C:/Users/firstpc/y2021/Motion.mo","lineStart":343,"lineEnd":343,"colStart":1,"colEnd":27}}}
],
"functions":[
]
}