{"format":"Transformational debugger info","version":1,
"info":{"name":"Motion.y2021.Ex2P5","description":""},
"variables":{
"v":{"comment":"","kind":"state","type":"Real","unit":"","displayUnit":"","source":{"info":{"file":"C:/Users/firstpc/y2021/Motion.mo","lineStart":120,"lineEnd":120,"colStart":3,"colEnd":21}}},
"der(v)":{"comment":"","kind":"derivative","type":"Real","unit":"","displayUnit":"","source":{"info":{"file":"C:/Users/firstpc/y2021/Motion.mo","lineStart":120,"lineEnd":120,"colStart":3,"colEnd":21}}},
"A":{"comment":"","kind":"parameter","type":"Real","unit":"","displayUnit":"","source":{"info":{"file":"C:/Users/firstpc/y2021/Motion.mo","lineStart":125,"lineEnd":125,"colStart":3,"colEnd":26}}},
"F0":{"comment":"","kind":"parameter","type":"Real","unit":"","displayUnit":"","source":{"info":{"file":"C:/Users/firstpc/y2021/Motion.mo","lineStart":128,"lineEnd":128,"colStart":3,"colEnd":26}}},
"m":{"comment":"","kind":"parameter","type":"Real","unit":"","displayUnit":"","source":{"info":{"file":"C:/Users/firstpc/y2021/Motion.mo","lineStart":124,"lineEnd":124,"colStart":3,"colEnd":24}}},
"p":{"comment":"","kind":"parameter","type":"Real","unit":"","displayUnit":"","source":{"info":{"file":"C:/Users/firstpc/y2021/Motion.mo","lineStart":123,"lineEnd":123,"colStart":3,"colEnd":24}}},
"v0":{"comment":"","kind":"parameter","type":"Real","unit":"","displayUnit":"","source":{"info":{"file":"C:/Users/firstpc/y2021/Motion.mo","lineStart":121,"lineEnd":121,"colStart":3,"colEnd":26}}},
"v1":{"comment":"","kind":"parameter","type":"Real","unit":"","displayUnit":"","source":{"info":{"file":"C:/Users/firstpc/y2021/Motion.mo","lineStart":122,"lineEnd":122,"colStart":3,"colEnd":25}}},
"rho":{"comment":"","kind":"constant","type":"Real","unit":"","displayUnit":"","source":{"info":{"file":"C:/Users/firstpc/y2021/Motion.mo","lineStart":127,"lineEnd":127,"colStart":3,"colEnd":28}}}
},
"equations":[{"eqIndex":0,"tag":"dummy"},
{"eqIndex":1,"section":"initial","tag":"assign","defines":["v"],"uses":["$START.v"],"equation":["$START.v"],"source":{"info":{"file":"","lineStart":0,"lineEnd":0,"colStart":0,"colEnd":0}}},
{"eqIndex":2,"tag":"alias","equation":[3],"section":"initial"},
{"eqIndex":3,"section":"regular","tag":"assign","defines":["der(v)"],"uses":["p","m","F0","v1","v"],"equation":["if v < v1 then F0 / m else p / (v * m)"],"source":{"info":{"file":"C:/Users/firstpc/y2021/Motion.mo","lineStart":130,"lineEnd":132,"colStart":2,"colEnd":7}}},
{"eqIndex":4,"section":"start","tag":"assign","defines":["$START.v"],"uses":["v0"],"equation":["v0"],"source":{"info":{"file":"C:/Users/firstpc/y2021/Motion.mo","lineStart":120,"lineEnd":120,"colStart":3,"colEnd":21}}},
{"eqIndex":5,"section":"parameter","tag":"assign","defines":["F0"],"uses":["v1","p"],"equation":["p / v1"],"source":{"info":{"file":"C:/Users/firstpc/y2021/Motion.mo","lineStart":128,"lineEnd":128,"colStart":3,"colEnd":26}}}
],
"functions":[
]
}