{"format":"Transformational debugger info","version":1,
"info":{"name":"Motion.y2021.Earth","description":""},
"variables":{
"vx":{"comment":"","kind":"state","type":"Real","unit":"","displayUnit":"","source":{"info":{"file":"C:/Users/firstpc/y2021/Motion.mo","lineStart":400,"lineEnd":400,"colStart":5,"colEnd":12}}},
"x":{"comment":"","kind":"state","type":"Real","unit":"","displayUnit":"","source":{"info":{"file":"C:/Users/firstpc/y2021/Motion.mo","lineStart":399,"lineEnd":399,"colStart":5,"colEnd":23}}},
"y":{"comment":"","kind":"state","type":"Real","unit":"","displayUnit":"","source":{"info":{"file":"C:/Users/firstpc/y2021/Motion.mo","lineStart":401,"lineEnd":401,"colStart":5,"colEnd":11}}},
"der(vx)":{"comment":"","kind":"derivative","type":"Real","unit":"","displayUnit":"","source":{"info":{"file":"C:/Users/firstpc/y2021/Motion.mo","lineStart":400,"lineEnd":400,"colStart":5,"colEnd":12}}},
"der(x)":{"comment":"","kind":"derivative","type":"Real","unit":"","displayUnit":"","source":{"info":{"file":"C:/Users/firstpc/y2021/Motion.mo","lineStart":399,"lineEnd":399,"colStart":5,"colEnd":23}}},
"der(y)":{"comment":"","kind":"derivative","type":"Real","unit":"","displayUnit":"","source":{"info":{"file":"C:/Users/firstpc/y2021/Motion.mo","lineStart":401,"lineEnd":401,"colStart":5,"colEnd":11}}},
"L":{"comment":"","kind":"variable","type":"Real","unit":"","displayUnit":"","source":{"info":{"file":"C:/Users/firstpc/y2021/Motion.mo","lineStart":405,"lineEnd":405,"colStart":5,"colEnd":11}}},
"U":{"comment":"","kind":"variable","type":"Real","unit":"","displayUnit":"","source":{"info":{"file":"C:/Users/firstpc/y2021/Motion.mo","lineStart":404,"lineEnd":404,"colStart":5,"colEnd":11}}},
"k":{"comment":"","kind":"variable","type":"Real","unit":"","displayUnit":"","source":{"info":{"file":"C:/Users/firstpc/y2021/Motion.mo","lineStart":407,"lineEnd":407,"colStart":5,"colEnd":11}}},
"r":{"comment":"","kind":"variable","type":"Real","unit":"","displayUnit":"","source":{"info":{"file":"C:/Users/firstpc/y2021/Motion.mo","lineStart":403,"lineEnd":403,"colStart":5,"colEnd":11}}},
"z":{"comment":"","kind":"variable","type":"Real","unit":"","displayUnit":"","source":{"info":{"file":"C:/Users/firstpc/y2021/Motion.mo","lineStart":406,"lineEnd":406,"colStart":5,"colEnd":11}}},
"M2":{"comment":"","kind":"parameter","type":"Real","unit":"","displayUnit":"","source":{"info":{"file":"C:/Users/firstpc/y2021/Motion.mo","lineStart":412,"lineEnd":412,"colStart":5,"colEnd":27}}},
"x0":{"comment":"","kind":"parameter","type":"Real","unit":"","displayUnit":"","source":{"info":{"file":"C:/Users/firstpc/y2021/Motion.mo","lineStart":410,"lineEnd":410,"colStart":5,"colEnd":28}}},
"PI":{"comment":"","kind":"constant","type":"Real","unit":"","displayUnit":"","source":{"info":{"file":"C:/Users/firstpc/y2021/Motion.mo","lineStart":409,"lineEnd":409,"colStart":5,"colEnd":33}}}
},
"equations":[{"eqIndex":0,"tag":"dummy"},
{"eqIndex":1,"section":"initial","tag":"assign","defines":["vy"],"uses":["$START.vy"],"equation":["$START.vy"],"source":{"info":{"file":"","lineStart":0,"lineEnd":0,"colStart":0,"colEnd":0}}},
{"eqIndex":2,"section":"initial","tag":"assign","defines":["y"],"uses":["$START.y"],"equation":["$START.y"],"source":{"info":{"file":"","lineStart":0,"lineEnd":0,"colStart":0,"colEnd":0}}},
{"eqIndex":3,"section":"initial","tag":"assign","defines":["vx"],"uses":["$START.vx"],"equation":["$START.vx"],"source":{"info":{"file":"","lineStart":0,"lineEnd":0,"colStart":0,"colEnd":0}}},
{"eqIndex":4,"section":"initial","tag":"assign","defines":["x"],"uses":["$START.x"],"equation":["$START.x"],"source":{"info":{"file":"","lineStart":0,"lineEnd":0,"colStart":0,"colEnd":0}}},
{"eqIndex":5,"tag":"alias","equation":[24],"section":"initial"},
{"eqIndex":6,"tag":"alias","equation":[22],"section":"initial"},
{"eqIndex":7,"tag":"alias","equation":[18],"section":"initial"},
{"eqIndex":8,"tag":"alias","equation":[21],"section":"initial"},
{"eqIndex":9,"tag":"alias","equation":[23],"section":"initial"},
{"eqIndex":10,"tag":"alias","equation":[16],"section":"initial"},
{"eqIndex":11,"tag":"alias","equation":[19],"section":"initial"},
{"eqIndex":12,"tag":"alias","equation":[17],"section":"initial"},
{"eqIndex":13,"tag":"alias","equation":[15],"section":"initial"},
{"eqIndex":14,"tag":"alias","equation":[20],"section":"initial"},
{"eqIndex":15,"section":"regular","tag":"assign","defines":["L"],"uses":["x","vy","y","vx"],"equation":["vx * y - vy * x"],"source":{"info":{"file":"C:/Users/firstpc/y2021/Motion.mo","lineStart":422,"lineEnd":422,"colStart":7,"colEnd":20}}},
{"eqIndex":16,"section":"regular","tag":"assign","defines":["z"],"uses":["vy","vx"],"equation":["sqrt(vx ^ 2.0 + vy ^ 2.0)"],"source":{"info":{"file":"C:/Users/firstpc/y2021/Motion.mo","lineStart":419,"lineEnd":419,"colStart":5,"colEnd":22}}},
{"eqIndex":17,"section":"regular","tag":"assign","defines":["k"],"uses":["z","M2"],"equation":["0.5 * M2 * z ^ 2.0"],"source":{"info":{"file":"C:/Users/firstpc/y2021/Motion.mo","lineStart":421,"lineEnd":421,"colStart":7,"colEnd":19}}},
{"eqIndex":18,"section":"regular","tag":"assign","defines":["r"],"uses":["y","x"],"equation":["sqrt(x ^ 2.0 + y ^ 2.0)"],"source":{"info":{"file":"C:/Users/firstpc/y2021/Motion.mo","lineStart":418,"lineEnd":418,"colStart":5,"colEnd":20}}},
{"eqIndex":19,"section":"regular","tag":"assign","defines":["U"],"uses":["r","M2"],"equation":["(-39.4784175141361) * M2 / r"],"source":{"info":{"file":"C:/Users/firstpc/y2021/Motion.mo","lineStart":420,"lineEnd":420,"colStart":7,"colEnd":23}}},
{"eqIndex":20,"section":"regular","tag":"assign","defines":["T"],"uses":["U","k"],"equation":["k + U"],"source":{"info":{"file":"C:/Users/firstpc/y2021/Motion.mo","lineStart":423,"lineEnd":423,"colStart":7,"colEnd":14}}},
{"eqIndex":21,"section":"regular","tag":"assign","defines":["der(vy)"],"uses":["r","y"],"equation":["(-39.4784175141361) * y / r ^ 3.0"],"source":{"info":{"file":"C:/Users/firstpc/y2021/Motion.mo","lineStart":417,"lineEnd":417,"colStart":5,"colEnd":29}}},
{"eqIndex":22,"section":"regular","tag":"assign","defines":["der(y)"],"uses":["vy"],"equation":["vy"],"source":{"info":{"file":"C:/Users/firstpc/y2021/Motion.mo","lineStart":416,"lineEnd":416,"colStart":5,"colEnd":16}}},
{"eqIndex":23,"section":"regular","tag":"assign","defines":["der(vx)"],"uses":["r","x"],"equation":["(-39.4784175141361) * x / r ^ 3.0"],"source":{"info":{"file":"C:/Users/firstpc/y2021/Motion.mo","lineStart":415,"lineEnd":415,"colStart":5,"colEnd":29}}},
{"eqIndex":24,"section":"regular","tag":"assign","defines":["der(x)"],"uses":["vx"],"equation":["vx"],"source":{"info":{"file":"C:/Users/firstpc/y2021/Motion.mo","lineStart":414,"lineEnd":414,"colStart":5,"colEnd":15}}},
{"eqIndex":25,"section":"start","tag":"assign","defines":["$START.vy"],"uses":["vy0"],"equation":["vy0"],"source":{"info":{"file":"C:/Users/firstpc/y2021/Motion.mo","lineStart":402,"lineEnd":402,"colStart":5,"colEnd":25}}},
{"eqIndex":26,"section":"start","tag":"assign","defines":["$START.x"],"uses":["x0"],"equation":["x0"],"source":{"info":{"file":"C:/Users/firstpc/y2021/Motion.mo","lineStart":399,"lineEnd":399,"colStart":5,"colEnd":23}}}
],
"functions":[
]
}