{"format":"Transformational debugger info","version":1,
"info":{"name":"Motion.y2021.DampleSHM","description":""},
"variables":{
"omega":{"comment":"","kind":"state","type":"Real","unit":"","displayUnit":"","source":{"info":{"file":"C:/Users/firstpc/y2021/Motion.mo","lineStart":204,"lineEnd":204,"colStart":5,"colEnd":15}}},
"der(omega)":{"comment":"","kind":"derivative","type":"Real","unit":"","displayUnit":"","source":{"info":{"file":"C:/Users/firstpc/y2021/Motion.mo","lineStart":204,"lineEnd":204,"colStart":5,"colEnd":15}}},
"L":{"comment":"","kind":"parameter","type":"Real","unit":"","displayUnit":"","source":{"info":{"file":"C:/Users/firstpc/y2021/Motion.mo","lineStart":206,"lineEnd":206,"colStart":5,"colEnd":27}}},
"q":{"comment":"","kind":"parameter","type":"Real","unit":"","displayUnit":"","source":{"info":{"file":"C:/Users/firstpc/y2021/Motion.mo","lineStart":207,"lineEnd":207,"colStart":5,"colEnd":27}}},
"theta0":{"comment":"","kind":"parameter","type":"Real","unit":"","displayUnit":"","source":{"info":{"file":"C:/Users/firstpc/y2021/Motion.mo","lineStart":208,"lineEnd":208,"colStart":5,"colEnd":31}}}
},
"equations":[{"eqIndex":0,"tag":"dummy"},
{"eqIndex":1,"section":"initial","tag":"assign","defines":["omega"],"uses":["$START.omega"],"equation":["$START.omega"],"source":{"info":{"file":"","lineStart":0,"lineEnd":0,"colStart":0,"colEnd":0}}},
{"eqIndex":2,"section":"initial","tag":"assign","defines":["theta"],"uses":["$START.theta"],"equation":["$START.theta"],"source":{"info":{"file":"","lineStart":0,"lineEnd":0,"colStart":0,"colEnd":0}}},
{"eqIndex":3,"tag":"alias","equation":[6],"section":"initial"},
{"eqIndex":4,"tag":"alias","equation":[5],"section":"initial"},
{"eqIndex":5,"section":"regular","tag":"assign","defines":["der(omega)"],"uses":["omega","q","L","theta","g"],"equation":["(-g) * theta / L - q * omega"],"source":{"info":{"file":"C:/Users/firstpc/y2021/Motion.mo","lineStart":211,"lineEnd":211,"colStart":5,"colEnd":40}}},
{"eqIndex":6,"section":"regular","tag":"assign","defines":["der(theta)"],"uses":["omega"],"equation":["omega"],"source":{"info":{"file":"C:/Users/firstpc/y2021/Motion.mo","lineStart":210,"lineEnd":210,"colStart":1,"colEnd":19}}},
{"eqIndex":7,"section":"start","tag":"assign","defines":["$START.theta"],"uses":["theta0"],"equation":["theta0"],"source":{"info":{"file":"C:/Users/firstpc/y2021/Motion.mo","lineStart":203,"lineEnd":203,"colStart":5,"colEnd":31}}}
],
"functions":[
]
}