{"format":"Transformational debugger info","version":1,
"info":{"name":"Motion.y2021.week304","description":""},
"variables":{
"v":{"comment":"","kind":"state","type":"Real","unit":"","displayUnit":"","source":{"info":{"file":"C:/Users/firstpc/y2021/Motion.mo","lineStart":32,"lineEnd":32,"colStart":7,"colEnd":25}}},
"der(v)":{"comment":"","kind":"derivative","type":"Real","unit":"","displayUnit":"","source":{"info":{"file":"C:/Users/firstpc/y2021/Motion.mo","lineStart":32,"lineEnd":32,"colStart":7,"colEnd":25}}},
"A":{"comment":"","kind":"parameter","type":"Real","unit":"","displayUnit":"","source":{"info":{"file":"C:/Users/firstpc/y2021/Motion.mo","lineStart":36,"lineEnd":36,"colStart":7,"colEnd":30}}},
"m":{"comment":"","kind":"parameter","type":"Real","unit":"","displayUnit":"","source":{"info":{"file":"C:/Users/firstpc/y2021/Motion.mo","lineStart":35,"lineEnd":35,"colStart":7,"colEnd":28}}},
"p":{"comment":"","kind":"parameter","type":"Real","unit":"","displayUnit":"","source":{"info":{"file":"C:/Users/firstpc/y2021/Motion.mo","lineStart":34,"lineEnd":34,"colStart":7,"colEnd":28}}},
"v0":{"comment":"","kind":"parameter","type":"Real","unit":"","displayUnit":"","source":{"info":{"file":"C:/Users/firstpc/y2021/Motion.mo","lineStart":33,"lineEnd":33,"colStart":7,"colEnd":30}}},
"rho":{"comment":"","kind":"constant","type":"Real","unit":"","displayUnit":"","source":{"info":{"file":"C:/Users/firstpc/y2021/Motion.mo","lineStart":38,"lineEnd":38,"colStart":7,"colEnd":32}}}
},
"equations":[{"eqIndex":0,"tag":"dummy"},
{"eqIndex":1,"section":"initial","tag":"assign","defines":["v"],"uses":["$START.v"],"equation":["$START.v"],"source":{"info":{"file":"","lineStart":0,"lineEnd":0,"colStart":0,"colEnd":0}}},
{"eqIndex":2,"tag":"alias","equation":[3],"section":"initial"},
{"eqIndex":3,"section":"regular","tag":"assign","defines":["der(v)"],"uses":["A","C","m","v","p"],"equation":["p / (v * m) + (-0.6465) * C * A * v ^ 4.0 / m"],"source":{"info":{"file":"C:/Users/firstpc/y2021/Motion.mo","lineStart":40,"lineEnd":40,"colStart":7,"colEnd":59}}},
{"eqIndex":4,"section":"start","tag":"assign","defines":["$START.v"],"uses":["v0"],"equation":["v0"],"source":{"info":{"file":"C:/Users/firstpc/y2021/Motion.mo","lineStart":32,"lineEnd":32,"colStart":7,"colEnd":25}}}
],
"functions":[
]
}