{"format":"Transformational debugger info","version":1,
"info":{"name":"Motion.y2021.Ex1P1","description":""},
"variables":{
"V":{"comment":"","kind":"state","type":"Real","unit":"","displayUnit":"","source":{"info":{"file":"C:/Users/firstpc/y2021/Motion.mo","lineStart":5,"lineEnd":5,"colStart":3,"colEnd":21}}},
"der(V)":{"comment":"","kind":"derivative","type":"Real","unit":"","displayUnit":"","source":{"info":{"file":"C:/Users/firstpc/y2021/Motion.mo","lineStart":5,"lineEnd":5,"colStart":3,"colEnd":21}}},
"N0":{"comment":"","kind":"parameter","type":"Real","unit":"","displayUnit":"","source":{"info":{"file":"C:/Users/firstpc/y2021/Motion.mo","lineStart":6,"lineEnd":6,"colStart":7,"colEnd":28}}}
},
"equations":[{"eqIndex":0,"tag":"dummy"},
{"eqIndex":1,"section":"initial","tag":"assign","defines":["V"],"uses":["$START.V"],"equation":["$START.V"],"source":{"info":{"file":"","lineStart":0,"lineEnd":0,"colStart":0,"colEnd":0}}},
{"eqIndex":2,"tag":"alias","equation":[3],"section":"initial"},
{"eqIndex":3,"section":"regular","tag":"assign","defines":["der(V)"],"uses":["g"],"equation":["-g"],"source":{"info":{"file":"C:/Users/firstpc/y2021/Motion.mo","lineStart":9,"lineEnd":9,"colStart":7,"colEnd":18}}},
{"eqIndex":4,"section":"start","tag":"assign","defines":["$START.V"],"uses":["N0"],"equation":["N0"],"source":{"info":{"file":"C:/Users/firstpc/y2021/Motion.mo","lineStart":5,"lineEnd":5,"colStart":3,"colEnd":21}}}
],
"functions":[
]
}